id,domain,status,purchase_price,renewal_price,attractiveness,demand,length,registrar,created_at,expires_at,status_verified_at
2abbf7a9-3c26-4390-8b16-b1fe7d9d0924,enclosure.social,available,3.31,33.32,high,low,9,spaceship,,,30/09/2026 09:32
c8aab300-830c-4090-83b8-5b53e3bee672,agnes.social,available,9.99,41.49,high,low,5,namesilo,,,25/09/2026 14:30
68e321e1-d4e8-4f1e-bec9-9f235d0dd9c5,whereas.social,available,3.31,33.32,high,low,7,spaceship,,,01/10/2026 00:02
d8041382-ca2c-436c-bd22-d70c014fa2eb,aguish.social,available,3.98,55.98,medium,low,6,namecheap,,,
0bf8a128-6c33-4a05-a21b-d00a3498f215,collagen.social,available,9.99,41.49,high,low,8,namesilo,,,02/10/2026 14:42
59a40d75-3d56-4afd-b9ae-ac641dddd5b3,unhealed.social,available,3.98,55.98,medium,low,8,namecheap,,,12/09/2026 12:08
c88875a9-9c31-4943-a856-8c45252421f8,cretan.social,available,9.5,,high,low,6,unstoppable,,,30/09/2026 01:09
79b7c08e-c2bc-4519-bd52-757badca2624,hindustani.social,available,3.98,55.98,medium,low,10,namecheap,,,21/08/2026 09:35
7e4db454-a887-43b2-9e82-7e00c89abc73,adobo.social,available,9.99,41.49,medium,low,5,namesilo,,,17/09/2026 09:29
10ba0bb1-9f59-4245-8d39-e5bad6ba92b0,macquarie.social,available,9.99,41.49,high,low,9,namesilo,,,29/09/2026 09:16
bde47820-66fd-4764-bf0b-c3d8d822a480,prostrate.social,available,3.98,55.98,high,low,9,namecheap,,,09/09/2026 03:57
285e05cd-b6d0-453d-b6c9-38ac98f2ebb6,gandhian.social,available,3.98,55.98,high,low,8,namecheap,,,18/08/2026 20:06
feefbb7c-b8e0-49d9-8966-f345e8bcfe71,oxidative.social,available,3.98,55.98,medium,low,9,namecheap,,,04/09/2026 22:23
b115e18f-b21c-4aae-b107-e70176b100ce,bilbao.social,premium,102.67,102.67,medium,low,6,spaceship,,,29/09/2026 03:44
e1eb4dd4-1741-49d6-aada-1786d5ff48e7,arcuate.social,available,3.98,55.98,medium,low,7,namecheap,,,06/08/2026 14:49
f2181a7f-1c84-4ca6-83b6-af54c607719d,magically.social,available,3.98,55.98,high,low,9,namecheap,,,13/09/2026 21:17
5e18e400-6346-409c-bf23-d3a843259ed9,paget.social,available,9.5,,medium,low,5,unstoppable,,,29/09/2026 01:47
c1fdb258-4d00-45ad-b044-3349d8fe539c,pregnancy.social,available,9.99,63.99,high,low,9,godaddy,,,28/09/2026 02:22
a151333c-d0f1-4ef8-a89f-84916912bbc1,tripp.social,available,3.98,55.98,medium,low,5,namecheap,,,30/09/2026 05:27
e362e46a-0408-4b3f-97e5-b54c8fb7d246,tentacular.social,available,3.98,55.98,medium,low,10,namecheap,,,11/09/2026 11:35
7fd1c34f-1f33-438c-811a-07e6959600a3,passable.social,available,3.98,55.98,medium,low,8,namecheap,,,24/09/2026 16:16
e701a642-2051-4cc1-81a7-9d288003d1d1,fettered.social,available,3.98,55.98,medium,low,8,namecheap,,,18/08/2026 02:54
806032cc-537b-4eaa-bbfb-039e4ed5c372,bevel.social,available,9.99,41.49,medium,low,5,namesilo,,,23/09/2026 11:58
22685cc4-7fc9-444e-accf-de9d13d6b1bb,orphan.social,available,9.99,41.49,high,low,6,namesilo,,,30/09/2026 06:17
e0782300-2571-4168-9381-040f3da04022,accusal.social,available,9.99,41.49,medium,low,7,namesilo,,,16/09/2026 23:22
48edfdb6-0327-4737-a891-d874f1bc02bd,vermin.social,available,9.99,41.49,medium,low,6,namesilo,,,02/10/2026 17:04
1a409b7c-50b9-4012-a6ee-a67cacbb7eab,venomous.social,available,3.98,55.98,medium,low,8,namecheap,,,13/09/2026 02:08
47ac762e-05c3-4344-90ca-3d86bf21e611,funky.social,available,3.98,55.98,high,low,5,namecheap,,,18/08/2026 02:27
bf005d82-46bd-4e5b-a0b8-6a740630eaa0,inquiring.social,available,3.98,55.98,high,low,9,namecheap,,,22/08/2026 06:19
f5fd2aba-5efa-4e96-b8ca-da3e51824d6a,abetter.social,available,9.99,41.49,medium,low,7,namesilo,,,16/09/2026 15:19
76a130dc-442c-4380-8484-5290c97925de,dual.social,resell,,,high,low,4,"Xiamen ChinaSource Internet Service Co., Ltd",26/02/2023 17:00,26/02/2027 17:00,26/09/2026 05:42
192417ff-9fbd-461d-9c1d-51136c12da25,hating.social,available,6.62,34.35,low,low,6,dynadot,,,02/10/2026 02:47
19a37f27-22a4-48ca-bde3-a498c4728379,thais.social,available,32.2,32.2,medium,low,5,cloudflare,,,03/10/2026 05:21
b93cbc09-9a32-4a6a-9217-45209d4569cd,invasive.social,available,3.98,55.98,medium,low,8,namecheap,,,16/08/2026 23:54
4d01a16f-47bb-4aa7-9a29-16627ad39e75,anagoge.social,available,9.99,41.49,medium,low,7,namesilo,,,19/09/2026 01:27
6ca0610d-8198-4fa3-8a08-6d706e90827e,barbecues.social,available,9.99,41.49,medium,low,9,namesilo,,,21/09/2026 08:34
7dbeab07-9c3f-4ee1-ac1d-6cc010f085db,radioactive.social,available,3.98,55.98,medium,low,11,namecheap,,,28/09/2026 11:17
263d85a7-ecca-44eb-b08c-494fdf0b5b7c,confronting.social,available,9.5,,high,low,11,unstoppable,,,02/10/2026 07:15
32729f30-9c22-4905-a362-0812cf99153c,trish.social,available,9.99,41.49,high,low,5,namesilo,,,02/10/2026 00:26
5ae50698-5642-47af-884f-0594961da93c,pretext.social,available,9.99,41.49,high,low,7,namesilo,,,30/09/2026 01:48
5daff8dd-c5b5-4396-9ff5-5a80c923cb4e,clan.social,available,3.98,55.98,high,low,4,namecheap,,,22/08/2026 16:05
22e25e79-0e4f-43b4-81da-03c69df2ab95,sewage.social,available,6.62,34.35,medium,low,6,dynadot,,,30/09/2026 02:49
147ebe72-23a1-4681-b310-57b767f3bd19,primadonna.social,available,11.99,,medium,low,11,name.com,,,
4dc66aba-50ea-43ea-b38d-c9c8811592ba,coffeepots.social,available,9.99,41.49,medium,low,10,namesilo,,,21/09/2026 00:56
be01b027-7756-4711-892d-58a17cca52c6,interpersonal.social,available,3.31,33.32,high,low,13,spaceship,,,02/10/2026 22:13
de52e529-0b40-4c0e-bbe8-a5706c034d3d,nursed.social,available,3.98,55.98,medium,low,6,namecheap,,,03/09/2026 23:03
3ea8ae2d-1729-4735-821c-bc90d4115916,derived.social,available,3.98,55.98,medium,low,7,namecheap,,,14/08/2026 03:07
1f879ea4-5aab-4b46-802a-eb8de6d0c74f,soggy.social,available,3.98,55.98,high,low,5,namecheap,,,10/08/2026 17:14
d260c0ec-4e72-4508-83d9-f4ba1578ef2f,unmelted.social,available,3.98,55.98,low,low,8,namecheap,,,12/09/2026 15:35
e0d5aac4-d978-4963-9217-ba49c98a35c8,abwatt.social,available,9.99,41.49,medium,low,6,namesilo,,,16/09/2026 19:39
eeeb2a67-0978-4216-ac49-62ea9c309c84,cornelius.social,available,3.98,55.98,high,low,9,namecheap,,,25/09/2026 15:10
0e9bbb5e-531b-42bd-8175-794029ba708b,slippery.social,available,3.98,55.98,medium,low,8,namecheap,,,10/09/2026 11:01
898c967d-ad61-4ed8-b1d4-5edafffd3a8e,arras.social,available,9.99,41.49,medium,low,5,namesilo,,,20/09/2026 08:49
d8b8d825-79fd-4b47-b1ac-a9ca58bce388,explosions.social,available,9.5,,low,low,10,unstoppable,,,28/09/2026 23:40
b664a232-8c6b-4113-8aa2-b8de436f56ad,mountaineer.social,available,3.98,55.98,high,low,11,namecheap,,,30/09/2026 19:54
6cfa04a8-f309-4bde-8c79-19e941ccd1fe,dormant.social,available,3.98,55.98,high,low,7,namecheap,,,
e71949bd-fb6e-4a68-aae8-82042368fdb8,serenade.social,available,9.99,41.49,high,low,8,namesilo,,,02/10/2026 14:51
dad07947-4008-4ae7-84a0-fb3f7bca8442,thumbs.social,available,9.99,41.49,medium,low,6,namesilo,,,18/09/2026 14:13
fe2bb2ab-b837-4316-9bec-365996206f01,cdf.social,available,9.99,41.49,high,low,3,namesilo,,,02/10/2026 07:46
6e0c3664-d617-495f-8094-ec99b266f144,rioting.social,available,9.99,41.49,medium,low,7,namesilo,,,02/10/2026 06:16
c5934d8b-259f-481c-9765-2a38f0738c94,upton.social,available,9.99,41.49,medium,low,5,namesilo,,,27/09/2026 11:29
d5eabb59-7850-4ccb-8863-5dd74dc6d9a3,marseilles.social,available,9.99,41.49,medium,low,10,namesilo,,,02/10/2026 16:05
a9a610a7-8872-4075-ae88-4222d0e06c10,toter.social,available,3.98,55.98,medium,low,5,namecheap,,,22/09/2026 21:16
8a122c49-dd68-4ca0-9065-9a843ba59ef4,unshackled.social,available,3.98,55.98,medium,low,10,namecheap,,,12/09/2026 04:58
5afc34d7-38cf-4168-b79e-420dd2a11d15,flukey.social,available,3.98,55.98,medium,low,6,namecheap,,,18/08/2026 09:20
d8f7871a-9696-42b9-b146-571f87e27ab5,larry.social,premium,78.54,78.54,high,low,5,namesilo,,,25/09/2026 12:43
2b73c602-e7e9-4493-9043-d267909ab8c2,surveillance.social,available,9.99,41.49,high,low,12,namesilo,,,27/09/2026 08:40
9057b8a9-0d29-46a8-87b4-f9439c8b6280,kilmarnock.social,available,3.31,33.32,high,low,10,spaceship,,,01/10/2026 07:24
e912fa50-88a7-45fa-a612-d29fd1b094bc,munitions.social,available,9.99,41.49,low,low,9,namesilo,,,02/10/2026 13:17
5c0baf8b-6426-4251-851d-aad7c8628836,auricular.social,available,3.98,55.98,medium,low,9,namecheap,,,07/08/2026 17:46
2666453d-db23-490e-b29a-ae26b67315ee,submitted.social,available,6.69,33.47,medium,low,9,porkbun,,,29/09/2026 10:53
eb6079e0-2f50-4fe4-978a-acd8115a5c32,pester.social,available,9.99,41.49,high,low,6,namesilo,,,21/09/2026 17:02
690c135c-53ef-4116-9c38-2d576d83f370,nei.social,available,3.31,33.32,medium,low,3,spaceship,,,01/10/2026 23:49
67e5de54-71b3-43b1-aed6-974dff65ec4d,oddish.social,available,3.98,55.98,low,low,6,namecheap,,,04/09/2026 00:50
1cf56a50-e2e6-4c8f-b9ff-594ad821e6cc,zvezda.social,available,9.5,,medium,low,6,unstoppable,,,03/10/2026 05:34
6beba97d-a178-486a-9def-7dba463925bc,flatness.social,available,3.98,55.98,medium,low,8,namecheap,,,24/08/2026 17:17
0e261945-dfc7-4bc1-aa73-2d87d6673ba8,adder.social,available,9.99,41.49,medium,low,5,namesilo,,,17/09/2026 06:46
759466ff-892e-4897-87fd-790a9a0f5426,sikorsky.social,available,9.99,41.49,high,low,8,namesilo,,,30/09/2026 17:41
8cf2ee5d-7305-49c9-bafd-3d70de2feae6,abampere.social,available,9.99,41.49,medium,low,8,namesilo,,,16/09/2026 13:54
799d8020-01f5-4a2c-a93c-f1aff30699c2,repast.social,available,9.99,41.49,high,low,6,namesilo,,,02/10/2026 02:34
3d644ada-8e10-48c4-a4a4-d316eec01a25,waved.social,available,6.69,33.47,high,low,5,porkbun,,,30/09/2026 03:45
3562ba4a-fb8a-41b7-b40b-d98597222cbd,unaided.social,available,3.98,55.98,medium,low,7,namecheap,,,12/09/2026 00:13
566e7757-0f94-41a7-b13b-ef256de1dba2,candlenut.social,available,9.99,41.49,medium,low,9,namesilo,,,18/09/2026 05:37
83095943-f75c-43cf-a393-45a25a939e9a,intragroup.social,available,3.98,55.98,medium,low,10,namecheap,,,22/08/2026 08:41
87b579b7-947d-4b84-9889-26a3f9b50e8a,stc.social,premium,118.8,118.8,high,low,3,namesilo,,,02/10/2026 13:44
5d2c94c1-76ce-4652-8e78-e747c4d108e0,stimulus.social,available,3.98,55.98,high,low,8,namecheap,,,10/09/2026 20:39
5a2696c3-fc75-4608-8879-cd03c8743ff6,chancel.social,available,9.99,41.49,high,low,7,namesilo,,,23/09/2026 07:13
51f12e95-f1c6-4208-87d3-bcd57c0572e5,objectivity.social,available,9.99,41.49,high,low,11,namesilo,,,01/10/2026 13:53
d788a1d2-12c4-4e4b-b37c-c0929306c103,bait.social,available,9.99,41.49,high,low,4,namesilo,,,21/09/2026 19:42
c59931e5-4062-4b55-b134-aeb610830914,lovingness.social,available,3.98,55.98,high,low,10,namecheap,,,11/08/2026 19:18
51ea01a1-ee35-454e-aaf2-41befa158b50,umpteen.social,available,3.98,55.98,low,low,7,namecheap,,,11/09/2026 23:06
552bbd6b-676f-4334-ad35-acc287371e36,coincidental.social,available,9.5,,medium,low,12,unstoppable,,,03/10/2026 02:57
d6e20004-6d14-4b7e-92cd-3568d1a36b8c,beauty.social,resell,,,high,medium,6,Porkbun LLC,23/08/2026 20:35,23/08/2027 20:35,02/10/2026 00:15
0836fce5-668e-4ddb-8c3b-4f3db0041927,tannic.social,available,3.98,55.98,medium,low,6,namecheap,,,11/09/2026 08:01
543dc2ee-0bec-4681-a6d3-6dabcb998628,rocambole.social,available,3.98,55.98,medium,low,9,namecheap,,,18/09/2026 11:33
c19b611d-ddc5-4064-b7ba-06f8bcafdfb0,imprudent.social,available,3.98,55.98,medium,low,9,namecheap,,,21/08/2026 23:23
977b6ac1-f373-49eb-a320-c9fa00431505,ragamuffin.social,available,3.98,55.98,medium,low,10,namecheap,,,11/09/2026 09:09
88715e74-a58e-426e-bf03-ea0526122a7c,birthright.social,available,3.98,55.98,high,low,10,namecheap,,,23/09/2026 21:20
971093e8-2c0f-47c2-b871-d98bf7f33f8d,terrifying.social,available,3.98,55.98,medium,low,10,namecheap,,,28/09/2026 02:19
2925f905-8f80-4074-ae63-e3468c466789,fifteenth.social,available,3.98,55.98,high,low,9,namecheap,,,
d69848ce-93d7-4f18-a4cf-c5fc4462ca81,unspaced.social,available,3.98,55.98,low,low,8,namecheap,,,12/09/2026 20:24
87fd047c-6f6a-46d5-aff3-61e571e7cd7e,imposing.social,available,3.98,55.98,high,low,8,namecheap,,,08/08/2026 20:16
f0a41984-836d-4be4-9644-365017ee97c8,genealogic.social,available,3.98,55.98,medium,low,10,namecheap,,,18/08/2026 21:22
525fa729-9163-4e4b-9fdf-f165bf67cca1,jackass.social,available,3.98,55.98,medium,low,7,namecheap,,,01/10/2026 01:11
e5f55259-cf17-418e-a86f-97eaf8a9eed7,walpole.social,available,9.99,41.49,medium,low,7,namesilo,,,28/09/2026 01:54
590cfee5-b54d-4046-b1c8-70833651bdd5,downplay.social,available,9.99,41.49,high,low,8,namesilo,,,21/09/2026 15:36
9dacb8e8-1d23-405a-aadf-296a123a0145,taxed.social,available,6.69,33.47,medium,low,5,porkbun,,,02/10/2026 18:15
18ee4d1f-c12b-408b-8527-c0251833e9fe,diversely.social,available,3.98,55.98,medium,low,9,namecheap,,,14/09/2026 13:25
5819f2b1-da49-4e84-a944-f16ae95475ee,payable.social,available,3.98,55.98,high,low,7,namecheap,,,12/08/2026 16:58
c131f450-5301-4d81-87e5-095f4840ca3a,mayhap.social,available,3.98,55.98,medium,low,6,namecheap,,,15/09/2026 13:45
15c6c104-a729-49cd-9647-9da0095c983c,israelites.social,available,6.69,33.47,high,low,10,porkbun,,,27/09/2026 13:59
e187f0a2-f0bb-43b9-a5b4-337e35b98623,rhymed.social,available,3.98,55.98,medium,low,6,namecheap,,,09/09/2026 16:51
1eae879a-a93c-4636-98d9-332e28368a2a,adit.social,available,9.99,41.49,medium,low,4,namesilo,,,17/09/2026 08:21
002ff7aa-1fc3-4b5d-8ea8-ebe006534ec6,impervious.social,available,3.98,55.98,medium,low,10,namecheap,,,21/08/2026 22:19
18837d6f-d91b-4526-a2c3-6c99fa4d8140,commercially.social,available,3.31,33.32,medium,low,12,spaceship,,,01/10/2026 21:28
0338f1c1-f696-46aa-a91c-1cde1b9a932b,zeroth.social,available,3.98,55.98,medium,low,6,namecheap,,,13/09/2026 15:14
697ba6a2-141c-4240-a605-177ceb48145f,superable.social,available,3.98,55.98,medium,low,9,namecheap,,,11/09/2026 02:14
0d7b5ca5-a5ad-46e6-8f3d-af8d6b8fdc12,crustal.social,available,3.98,55.98,medium,low,7,namecheap,,,13/08/2026 09:20
3461999d-bde6-4208-b149-a2fa701ff845,corny.social,available,9.99,41.49,medium,low,5,namesilo,,,23/09/2026 23:25
1d6aa302-9a77-408b-803d-9f3bd9c6f6a1,roofless.social,available,3.98,55.98,medium,low,8,namecheap,,,14/08/2026 12:09
64b57872-6128-44fa-8e57-cc51dfc5634e,karabakh.social,available,3.31,33.32,medium,low,8,spaceship,,,02/10/2026 09:33
444e54ed-41b3-49ce-8c6c-32a030fa75b3,sourish.social,available,3.98,55.98,medium,low,7,namecheap,,,22/08/2026 23:29
fa4e99c8-1ac6-4ef2-aacb-63fb484cb123,slicker.social,available,9.99,41.49,medium,low,7,namesilo,,,23/09/2026 02:58
93fbab43-564d-4d9a-b97d-9d171a07c4f3,burial.social,available,9.99,41.49,medium,low,6,namesilo,,,24/09/2026 11:18
6babab4e-3d25-4067-bb55-d9c919b4a56a,delmar.social,available,3.31,33.32,medium,low,6,spaceship,,,02/10/2026 10:40
589a96fe-6b0a-453b-b320-e6d4b64f85f2,runabout.social,available,6.62,34.35,medium,low,9,dynadot,,,02/10/2026 17:47
5bcc1a77-d605-4622-b15e-4ee6406a8196,detestable.social,available,3.98,55.98,medium,low,10,namecheap,,,
48e8f966-485d-40bd-a161-e6a0af238bd3,modify.social,available,9.99,41.49,high,low,6,namesilo,,,29/09/2026 06:19
cb6fb8cd-ace8-46b5-892a-9af0ee45adf8,airmailer.social,available,9.99,41.49,medium,low,9,namesilo,,,17/09/2026 23:15
969dc2e3-feed-4d85-9cb7-cbc86b56366e,traced.social,available,9.5,,low,low,6,unstoppable,,,28/09/2026 13:04
267d6c31-6265-46d4-9f50-884517478be8,slay.social,resell,,,medium,low,4,Squarespace Domains II LLC,06/03/2025 15:15,06/03/2027 15:15,26/09/2026 09:04
ed63972a-1c30-41bb-9679-69acc7015199,hara.social,available,3.31,33.32,medium,low,4,spaceship,,,30/09/2026 13:49
56570ac6-4b8f-4bf9-92a9-edf02aa5a677,missed.social,available,3.98,55.98,medium,low,6,namecheap,,,25/08/2026 01:45
20209436-9202-4871-8c8c-e17bb50ae80e,bayes.social,available,3.98,55.98,high,low,5,namecheap,,,22/09/2026 18:03
95725577-49e7-4ea0-85ab-85adf0dd3bd9,greenback.social,available,9.99,41.49,high,low,9,namesilo,,,22/09/2026 02:17
fbba6bcc-4c8c-4f5e-b6b3-32b7a96df1b9,repairs.social,available,9.5,,medium,low,7,unstoppable,,,28/09/2026 18:11
f56f7366-cc38-4b62-887a-58059f4b2da0,infantry.social,available,3.31,33.32,high,low,8,spaceship,,,29/09/2026 13:08
1ad04d7b-7f79-4ad2-9e11-4458daa1d2a1,rebels.social,premium,35.4,35.4,medium,low,6,namesilo,,,28/09/2026 08:52
7c02b180-5592-4ac2-8135-4163950be4f1,apulia.social,available,9.99,41.49,medium,low,6,namesilo,,,19/09/2026 22:42
9acf81ce-6b34-4d83-a342-0b417cb73ef8,folklore.social,available,9.5,,high,low,8,unstoppable,,,30/09/2026 01:40
16427825-e4d8-41e2-b476-e7f8e113924d,offensive.social,available,3.98,55.98,high,low,9,namecheap,,,14/08/2026 22:05
817c7bf9-f233-459f-8ae3-c3ca745bc0b1,baraka.social,available,3.98,55.98,high,low,6,namecheap,,,22/09/2026 04:07
cbbf201e-07e3-4c61-be4e-3a4d562d3cd1,carangid.social,available,3.98,55.98,medium,low,8,namecheap,,,11/08/2026 18:31
9f6cfbb2-9ef4-4e0d-8ef4-8092de40eda5,cigarettes.social,available,3.98,55.98,medium,low,10,namecheap,,,25/09/2026 21:29
7e90c168-c0cf-4c6a-8a5f-fb9fa0c6779b,married.social,available,3.98,55.98,high,low,7,namecheap,,,25/09/2026 16:47
6150f264-5a66-48b5-ae37-90a6b7dfb466,arbalist.social,available,3.98,55.98,medium,low,8,namecheap,,,20/09/2026 00:35
136e53e3-48c3-4865-8649-c387e08f4c8f,departure.social,available,3.98,55.98,high,low,9,namecheap,,,08/09/2026 12:08
2bbf8eb1-67ef-476e-ad14-51dc71fd3f25,centimeters.social,available,6.62,34.35,medium,low,11,dynadot,,,29/09/2026 17:55
0ed55c17-d6cc-4f1b-b451-5eed47bec547,quadruplex.social,available,3.98,55.98,medium,low,10,namecheap,,,18/08/2026 13:26
61fab652-2fb0-4257-a870-36522cf66898,belvidere.social,available,3.31,33.32,medium,low,9,spaceship,,,03/10/2026 06:38
caf581a3-1a4e-4821-bdb5-7df9f0eb88fb,carnage.social,available,9.99,41.49,medium,low,7,namesilo,,,02/10/2026 04:17
6de3cf53-b82c-49c3-a1a6-663a6431ba56,trivial.social,available,3.98,55.98,high,low,7,namecheap,,,24/09/2026 17:54
17519fba-bd7f-4918-9c44-93121172c08b,antoninus.social,available,3.98,55.98,medium,low,9,namecheap,,,19/09/2026 15:34
f79121c3-4d52-4dd5-9b7c-fb80ba65e8c6,bernd.social,available,3.31,33.32,high,low,5,spaceship,,,01/10/2026 23:12
dacc1e6a-7b31-4bb8-82ec-51f7c2e2bfc0,williamsport.social,available,3.31,33.32,medium,low,12,spaceship,,,29/09/2026 15:53
61cec43e-f20d-4d6d-bf6b-6f66489737a6,gather.social,resell,,,high,medium,6,"Sav.com, LLC - 3",08/04/2022 13:15,08/04/2027 13:15,26/09/2026 06:20
a0caf0b0-95d5-42bd-a695-9f08b721a09d,jackhammer.social,available,9.99,41.49,high,low,10,namesilo,,,17/09/2026 22:21
19a17e62-6a49-4b3f-88b0-51d453b47ddf,adverb.social,available,9.99,41.49,high,low,6,namesilo,,,17/09/2026 10:43
ff0cfcc9-a2e6-49dd-9b51-c886d6a6de0c,esteemed.social,available,3.98,55.98,high,low,8,namecheap,,,17/08/2026 13:23
062ce6ca-e83b-4fe3-b164-b4d240e39159,defoe.social,available,9.99,41.49,medium,low,5,namesilo,,,30/09/2026 16:57
95ae849c-0db0-49f6-8009-f8fd23f739b8,besides.social,available,9.99,41.49,medium,low,7,namesilo,,,28/09/2026 11:58
def1c521-8b00-4fac-9212-3f5495cc1b52,stark.social,resell,,,high,medium,5,"Xiamen ChinaSource Internet Service Co., Ltd",24/03/2023 17:00,24/03/2027 17:00,26/09/2026 09:16
71ccd296-394d-4fd4-9c68-25378ea0a4bf,booze.social,available,9.99,41.49,medium,low,5,namesilo,,,24/09/2026 07:21
74cc9a28-1bdf-4dcc-b634-440b58bc01b7,frock.social,available,3.98,55.98,medium,low,5,namecheap,,,14/08/2026 18:55
b84529ae-2a62-417d-a588-5c15479d7c81,solidified.social,available,3.98,55.98,medium,low,10,namecheap,,,10/09/2026 13:41
2287126f-9961-4670-b463-d674129d326c,prevented.social,available,9.5,,medium,low,9,unstoppable,,,29/09/2026 10:45
4a4a708f-a836-4a4b-bb58-3655db565d2a,cottage.social,available,9.99,41.49,high,low,7,namesilo,,,24/09/2026 11:16
9c89c8f4-e21e-4322-9fce-e128ebfdcaa4,rehearse.social,available,6.69,33.47,high,low,8,porkbun,,,01/10/2026 04:23
1059d7b6-e360-4d6f-9a3b-1065302da08c,hatred.social,available,3.31,33.32,medium,low,6,spaceship,,,29/09/2026 22:18
9967b6d3-49fa-476f-a87e-b29eafc4b9a8,beatnik.social,available,9.99,41.49,high,low,7,namesilo,,,22/09/2026 21:43
278c6f3b-5dd8-4523-8610-3dedee15606c,catalonia.social,available,9.99,41.49,medium,low,9,namesilo,,,28/09/2026 09:16
ba95a397-70b7-4978-9813-630691919f14,bronson.social,available,3.98,55.98,medium,low,7,namecheap,,,28/09/2026 16:48
b7a6ce40-d8ba-45ad-8cfa-e348b4f9269c,measurements.social,available,6.69,33.47,medium,low,12,porkbun,,,29/09/2026 11:24
50e4aa9f-aac3-471e-881f-a0f4c62b367d,necromancy.social,available,9.99,41.49,medium,low,10,namesilo,,,23/09/2026 23:53
042aa2f6-7de6-4537-94c4-becbcf39c313,cent.social,available,11.99,,high,low,4,name.com,,,
6152840f-2378-4995-9bca-efcc1f549083,teaching.social,available,9.5,55.98,high,low,8,unstoppable,,,01/10/2026 22:16
3c88b57a-1451-4cef-abc6-e55181c3ee9f,prolific.social,available,9.99,41.49,high,low,8,namesilo,,,27/09/2026 07:21
c4510824-4b05-4a3c-b95d-42fd48680914,suffolk.social,available,3.31,33.32,medium,low,7,spaceship,,,02/10/2026 08:26
0b7a7d8f-8ac0-456b-a376-7108599814ce,usages.social,available,32.2,32.2,low,low,6,cloudflare,,,29/09/2026 05:10
6ab575de-8a30-4783-93bf-0211b394947b,hassium.social,available,3.98,55.98,medium,low,7,namecheap,,,20/09/2026 22:10
08264ed7-a513-40be-8b3e-553d1c96aaab,spartans.social,available,3.98,55.98,medium,low,8,namecheap,,,02/10/2026 02:39
7b8e50e4-a7d2-4bd6-b4fc-279788f85116,silently.social,available,3.98,55.98,medium,low,8,namecheap,,,15/09/2026 15:52
4b62a4f8-beba-4eed-b330-d91a781b6cac,mongol.social,available,3.98,55.98,high,low,6,namecheap,,,25/08/2026 04:45
b0515c35-a65b-4ae0-a685-a6e679f30ca8,performers.social,available,9.99,41.49,medium,low,10,namesilo,,,30/09/2026 00:18
8d3ce5ce-4341-4dfa-9a3a-56c7a407f912,adenauer.social,available,11.99,50.99,medium,low,8,name.com,,,17/09/2026 07:24
afdb0a86-ac55-463b-8a28-044da9721aaf,jacqueline.social,premium,68.51,68.51,high,low,10,spaceship,,,29/09/2026 03:58
8e61c2eb-486a-402f-8d6c-08d8c6dd1f62,jolty.social,available,3.98,55.98,low,low,5,namecheap,,,25/09/2026 11:19
ad90a81a-7e18-4951-9e9b-08564fde7823,selflessly.social,available,3.98,55.98,high,low,10,namecheap,,,13/09/2026 19:23
d843feea-14f0-4733-a249-800eb50ae93d,currish.social,available,3.98,55.98,low,low,7,namecheap,,,13/08/2026 11:31
ac0935ac-b689-413b-ae70-1bde44d6b2cc,cultures.social,available,9.99,41.49,medium,low,8,namesilo,,,28/09/2026 23:32
15259d66-dc9b-4c87-ab9b-e4c5263615d7,paramedic.social,available,3.98,55.98,high,low,9,namecheap,,,08/09/2026 00:59
6b407abc-fb6c-45da-9caf-27252151a2cc,direction.social,available,6.69,33.47,high,low,9,porkbun,,,29/09/2026 07:46
48af5260-fbc3-4fca-b9d9-dab547b4eed0,rigged.social,available,3.98,55.98,medium,low,6,namecheap,,,09/09/2026 17:25
fc588a2a-dbdb-4de7-92f2-75a898eee85a,fostering.social,available,9.99,41.49,high,low,9,namesilo,,,02/10/2026 23:42
a8ecd37e-e8b8-4870-9665-19b33587e3dc,perverse.social,available,3.98,55.98,medium,low,8,namecheap,,,14/08/2026 02:31
6db0abd6-f2c4-4906-b0a2-3b6dfe2eeb85,derrida.social,available,9.99,41.49,medium,low,7,namesilo,,,29/09/2026 18:37
23f2acc4-54cf-4770-9268-d572a39f1529,caesium.social,available,9.99,41.49,medium,low,7,namesilo,,,20/09/2026 23:16
bced97a3-e6f1-457c-b3b8-b1a0e9fb9dc0,baruch.social,available,9.99,41.49,medium,low,6,namesilo,,,22/09/2026 09:33
06d3697e-cb82-4194-8964-a9dad24e7278,smilax.social,available,3.98,55.98,medium,low,6,namecheap,,,20/09/2026 14:41
21dd0852-5919-42af-a491-25373e3914e8,superuser.social,available,3.31,33.32,high,low,9,spaceship,,,02/10/2026 03:00
c6580721-20b5-4a10-bc77-d4561becfeaf,panicked.social,available,3.98,55.98,medium,low,8,namecheap,,,05/09/2026 00:57
6893037c-1e5f-4875-a4b1-3ba18f078dff,destroyer.social,available,9.5,,medium,low,9,unstoppable,,,28/09/2026 05:31
137e9ccf-a9f3-4349-a8c9-dc8c46387020,hominal.social,available,3.98,55.98,medium,low,7,namecheap,,,21/08/2026 11:35
92490c7f-682c-486c-b5f9-afc981656b7b,mandy.social,available,32.2,32.2,medium,low,5,cloudflare,,,28/09/2026 17:34
50a62ac2-259f-4e99-af4b-689824af8262,hardwood.social,available,6.62,34.35,high,low,8,dynadot,,,01/10/2026 19:56
a0cb6f34-eab2-4070-9021-461e9c357362,michelson.social,available,9.99,41.49,medium,low,9,namesilo,,,16/09/2026 12:52
77150ad2-2400-4943-a0fb-68955f8fe3eb,crewe.social,available,3.31,33.32,high,low,5,spaceship,,,02/10/2026 07:59
b69604d9-79b9-4e54-a428-f96d898439bd,banding.social,available,9.99,41.49,high,low,7,namesilo,,,22/09/2026 01:17
92772503-516d-4204-aaca-90e9636c0280,minutes.social,available,3.31,33.32,high,low,7,spaceship,,,30/09/2026 04:36
bb73f06d-7a49-419d-9e77-fc3a88a7ad0f,seniors.social,premium,,,medium,low,7,,,,29/09/2026 05:13
5c79d318-5d3d-47c0-ac37-84080ba6fa42,redundancy.social,available,32.2,32.2,medium,low,10,cloudflare,,,02/10/2026 06:13
c40eb4ff-af9d-4401-8d65-1eb055b10b73,xviii.social,available,9.99,41.49,medium,low,5,namesilo,,,21/09/2026 12:00
23a36461-700a-444d-b470-eb9a7b79691c,sybil.social,available,6.62,34.35,high,low,5,dynadot,,,29/09/2026 14:56
0a745769-3335-49b7-9ac3-8a8733a55a3d,statements.social,available,9.99,41.49,medium,low,10,namesilo,,,28/09/2026 08:23
66f39689-69a6-4d25-9ffc-98fdcee2eea4,stupe.social,available,3.98,55.98,medium,low,5,namecheap,,,10/09/2026 23:06
177b255c-1a45-46b8-8a04-f581e69cdca7,tracey.social,premium,99.5,,medium,low,6,unstoppable,,,28/09/2026 21:51
9ad2bda8-bed9-4372-994f-b9eafce58d7a,managerial.social,available,3.98,55.98,high,low,10,namecheap,,,24/08/2026 14:32
01d20ee9-fd07-4842-b977-7138ac5c504e,trays.social,available,9.99,41.49,medium,low,5,namesilo,,,02/10/2026 23:02
9f43ea18-7e21-4303-8ab6-94b856ab9980,promised.social,available,9.99,41.49,high,low,8,namesilo,,,17/09/2026 11:24
6dcfc6f6-b021-4e90-bd4a-52357b1ba251,tush.social,available,3.98,55.98,medium,low,4,namecheap,,,09/08/2026 11:45
a592b744-024b-4246-ac50-bdcf24c85275,nonverbal.social,available,3.98,55.98,medium,low,9,namecheap,,,03/09/2026 21:00
0e6106b6-e413-40e7-9293-7b8d5b6bd687,unassuming.social,available,3.98,55.98,high,low,10,namecheap,,,27/09/2026 13:26
2a4b0217-ba21-4ac4-bd80-c25ea6a53fe2,swagger.social,resell,,,high,low,7,"Sav.com, LLC - 22",17/04/2026 15:15,17/04/2027 15:15,26/09/2026 09:27
268b03d4-14c6-47e9-8a12-a7cdf110a042,bloodshed.social,available,32.2,32.2,medium,low,9,cloudflare,,,30/09/2026 08:05
6e9517c6-d75b-436a-9536-ad966637cb4f,feisty.social,available,3.98,55.98,high,low,6,namecheap,,,18/08/2026 00:45
6bbc9b27-9624-45da-a182-03356435306d,transmitted.social,available,9.99,41.49,medium,low,11,namesilo,,,16/09/2026 07:54
94f128f4-c553-4ce9-a9b7-c1841731d471,cash.social,resell,,,high,medium,4,Porkbun LLC,14/04/2022 01:41,14/04/2027 01:41,26/09/2026 04:48
af84a8fb-6b87-460a-8322-e3ad7e92e3ae,cabrera.social,available,6.62,34.35,medium,low,7,dynadot,,,29/09/2026 09:57
b9c1a091-1868-4e64-b447-33f4cc7743ec,tcu.social,available,9.99,41.49,high,low,3,namesilo,,,02/10/2026 08:04
0eb68aa2-6519-4d59-af05-be357f357b80,chapel.social,available,9.99,63.99,high,low,6,godaddy,,,28/09/2026 01:39
ea93058d-2cfc-4f16-9e7a-10e3a034f917,reconciled.social,available,3.98,55.98,high,low,10,namecheap,,,09/09/2026 11:49
f62a4600-24f2-4cc2-9af6-11fd5bb757ec,extortion.social,available,9.99,41.49,medium,low,9,namesilo,,,29/09/2026 12:13
126bc314-ea1a-43b3-a9f7-752024be0de9,solely.social,available,3.98,55.98,high,low,6,namecheap,,,
e38926e9-8e34-4249-a84c-d5f7ae86e70d,pornographic.social,available,32.2,32.2,medium,low,12,cloudflare,,,29/09/2026 20:53
c5a8883c-9c04-4fd4-92aa-3fca21d02f7e,messed.social,available,9.99,41.49,medium,low,6,namesilo,,,17/09/2026 16:53
e71ba821-9d63-456a-956d-c4e6503ce5aa,caesarean.social,available,3.98,55.98,medium,low,9,namecheap,,,11/08/2026 13:05
498d6db6-a333-452e-a75c-79c5b9c709b8,complimentary.social,available,3.31,33.32,medium,low,13,spaceship,,,30/09/2026 04:02
f2659166-e505-408f-85ce-047a834cab59,swindle.social,available,3.98,55.98,medium,low,7,namecheap,,,14/09/2026 07:52
1c326d72-7072-4447-8934-61175ddde558,jam.social,resell,,,high,medium,3,Squarespace Domains II LLC,25/09/2024 17:00,25/09/2027 17:00,26/09/2026 06:59
31906fdd-9706-4ad4-a39e-87a26b56473f,weaknesses.social,available,3.98,55.98,low,low,10,namecheap,,,29/09/2026 17:45
90a36c83-b67f-49b1-9607-17f0304444a0,drizzly.social,available,3.98,55.98,medium,low,7,namecheap,,,14/08/2026 19:32
41eb53a5-4770-4b09-841a-cf1a7ceaad1d,weary.social,available,9.99,41.49,medium,low,5,namesilo,,,22/09/2026 15:10
ee1cda6b-a64b-43c6-bf42-db11ad8a8a58,dillard.social,available,9.5,,medium,low,7,unstoppable,,,30/09/2026 05:29
56794276-49ef-4c68-bf43-8e24f99817ef,gluttonous.social,available,3.98,55.98,medium,low,10,namecheap,,,20/08/2026 15:32
2070dde1-dd92-4f3b-a37c-12baea633c02,petrous.social,available,3.98,55.98,medium,low,7,namecheap,,,08/09/2026 18:24
52de5c44-e12c-45b1-b473-e28856e2cee0,noguchi.social,available,3.98,55.98,medium,low,7,namecheap,,,02/10/2026 15:42
7c338b73-8061-480a-a6f9-15e0ce8694cb,allotropic.social,available,3.98,55.98,medium,low,10,namecheap,,,
686c331a-0cf1-4b86-b33a-ac7d3ff72012,interaction.social,premium,68.51,68.51,high,low,11,spaceship,,,29/09/2026 04:54
7fa059e7-d5e9-42a0-8193-f1422a34cd27,tuskegee.social,available,3.98,55.98,medium,low,8,namecheap,,,28/09/2026 15:29
b88bc5c6-d366-47b8-958c-836f842c9071,baptistry.social,available,3.98,55.98,medium,low,9,namecheap,,,22/09/2026 03:28
42e1e882-4fc8-4702-893c-94e6b44c98e2,upland.social,premium,123.75,123.75,medium,low,6,name.com,,,21/08/2026 09:14
50ca9840-5cda-48b9-8ccf-092b9b671dcc,autobiography.social,available,9.99,41.49,medium,low,13,namesilo,,,29/09/2026 23:22
6ba782df-056c-4db4-9952-d7cf52e6a0e6,flatly.social,available,3.98,55.98,medium,low,6,namecheap,,,14/09/2026 05:29
fd60c5b0-2af1-4994-aea3-92ec02166f80,hedges.social,available,3.31,33.32,medium,low,6,spaceship,,,30/09/2026 04:31
210728e8-484f-4cb7-a837-648ef80fa1bd,tinkling.social,available,3.98,55.98,medium,low,8,namecheap,,,11/09/2026 16:13
bd1179a6-8a58-4fd0-9627-730e757dd49c,ravaged.social,available,3.98,55.98,medium,low,7,namecheap,,,14/08/2026 04:29
28f594af-5d49-4063-bc21-16f01722e2b3,tears.social,available,9.99,41.49,high,low,5,namesilo,,,24/09/2026 02:29
212d98b1-0943-4032-9f4c-3a38475fe803,buccal.social,available,3.98,55.98,medium,low,6,namecheap,,,11/08/2026 07:27
3c3d21fb-153d-4ce7-99bb-038807091192,geothermic.social,available,3.98,55.98,medium,low,10,namecheap,,,18/08/2026 22:41
f828235d-6d55-4dd3-89bc-9ae482013437,broiled.social,available,3.98,55.98,medium,low,7,namecheap,,,11/08/2026 05:19
7dd7f92a-c517-4d44-8193-c2b1ba605ff2,profitably.social,available,3.98,55.98,medium,low,10,namecheap,,,14/09/2026 20:29
077015b6-08cd-44a9-839e-aba421e0caf6,foods.social,available,9.5,,high,low,5,unstoppable,,,28/09/2026 22:58
e95143bf-7602-442e-8d52-4e8d9df0bcfc,focused.social,available,9.99,41.49,high,low,7,namesilo,,,01/10/2026 15:45
06cb56a6-5d5d-4b73-a8ac-559b27d57543,arccos.social,available,9.99,41.49,medium,low,6,namesilo,,,20/09/2026 01:15
b120e95e-c581-4d4e-bfa3-a8ba5f656e21,doppler.social,available,3.31,33.32,high,low,7,spaceship,,,01/10/2026 18:57
b67ddb63-8225-497e-ad0b-ffec69ddde5f,keyboard.social,available,3.31,33.32,high,low,8,spaceship,,,28/09/2026 19:38
fc039097-adb5-4848-90db-c30999f52c2b,exercises.social,available,9.99,41.49,medium,low,9,namesilo,,,28/09/2026 17:18
2a8c923a-dd8b-4951-8003-ee369f543fdc,nmr.social,available,3.31,33.32,high,low,3,spaceship,,,28/09/2026 06:29
fbcdb218-cb33-4540-b9f7-86dfbfaf4ff0,changeover.social,available,11.99,,medium,low,11,name.com,,,
425846e3-741b-4494-bdee-d6677da09672,saved.social,resell,11.99,,high,low,5,name.com,,,27/09/2026 18:05
5c21959c-261e-4484-a14d-c4a61bca3b6c,unpredictable.social,available,6.62,34.35,medium,low,13,dynadot,,,28/09/2026 15:57
51e0a4e5-b61e-4983-85e8-7f6ca5471322,morehead.social,available,32.2,32.2,medium,low,8,cloudflare,,,30/09/2026 04:30
b7182136-5bd7-4b44-ba42-a02991f87d29,priestley.social,available,3.31,33.32,medium,low,9,spaceship,,,29/09/2026 07:23
69714fd4-66d7-4f6d-8d45-ed811744a792,bakshish.social,available,9.99,41.49,medium,low,8,namesilo,,,21/09/2026 15:53
de4ecf72-d327-4741-b1a4-23ad7ead1a66,haines.social,available,9.99,41.49,medium,low,6,namesilo,,,28/09/2026 04:08
6c15f990-b5cc-45d6-99c0-8a35a0652710,melodies.social,available,3.98,55.98,medium,low,8,namecheap,,,02/10/2026 11:49
a70907af-31ef-4218-b28a-217f7210e33a,gonzo.social,available,3.98,55.98,high,low,5,namecheap,,,10/08/2026 10:27
cffe1640-ffee-471a-8f29-fb3a09965f19,absorb.social,available,3.98,55.98,high,low,6,namecheap,,,10/09/2026 19:56
e8d6f9b8-5a86-48ab-8dfd-2f7e38b886ce,alkyl.social,available,9.99,41.49,medium,low,5,namesilo,,,18/09/2026 08:34
7fec4194-a1cf-4f50-b305-3dc8b06db7f2,howes.social,available,32.2,32.2,medium,low,5,cloudflare,,,01/10/2026 16:18
3f7671e1-2a59-467f-a511-bbfa7809772a,accordant.social,available,3.98,55.98,medium,low,9,namecheap,,,
eb15ca42-2084-43d1-bc83-b2cdfc0aff82,negro.social,available,3.98,55.98,medium,low,5,namecheap,,,03/09/2026 15:10
b3dfe9b8-f60f-4ac6-adb9-583b1b4f3ed8,germy.social,available,3.98,55.98,medium,low,5,namecheap,,,18/08/2026 22:53
86016408-5189-4be3-bc1d-5434a6a33d2c,solitaire.social,available,3.31,33.32,high,low,9,spaceship,,,03/10/2026 01:46
694ea6a6-9e53-4c37-985e-67a6f6a82d38,allegiant.social,available,3.98,55.98,medium,low,9,namecheap,,,
7f830d76-387c-416c-adea-31eda95da789,apoptosis.social,available,3.98,55.98,medium,low,9,namecheap,,,19/09/2026 19:14
84fe9aa6-f3c0-45d5-b085-2e57b1c2213c,meaning.social,available,3.98,55.98,high,low,7,namecheap,,,25/09/2026 18:26
0347dbeb-7c06-48d9-a6ec-45e757b5d827,forks.social,available,3.31,33.32,medium,low,5,spaceship,,,29/09/2026 05:49
923adbd0-fbde-4a01-8298-946a32d45663,baboo.social,available,9.99,41.49,high,low,5,namesilo,,,21/09/2026 12:51
cf312e51-656b-4940-ac81-89ce4c5d5faf,frankish.social,available,3.98,55.98,medium,low,8,namecheap,,,18/08/2026 14:14
9c96cf36-bb55-45d4-9555-9c78746354b5,executable.social,available,3.98,55.98,high,low,10,namecheap,,,17/08/2026 16:50
3da337e0-c0ff-4aad-bff9-fb71a874ecdc,elias.social,premium,102.67,102.67,high,low,5,spaceship,,,02/10/2026 09:55
0ab742dd-de71-4e54-817a-8baec0586cad,acorus.social,available,3.98,55.98,medium,low,6,namecheap,,,17/09/2026 02:25
749a4eec-62bb-4ee5-bc66-4a774fc2bab1,ingraham.social,available,32.2,32.2,medium,low,8,cloudflare,,,01/10/2026 17:00
1f09ec16-34d0-4634-9f61-21f9d82a6f79,bold.social,resell,,,high,medium,4,Dynadot Inc,27/11/2021 18:53,27/11/2026 18:53,26/09/2026 04:31
002cf636-729d-41a4-b0f7-441f8bb9fa2f,forces.social,premium,118.8,118.8,high,low,6,namesilo,,,16/09/2026 15:45
4d130a2b-d2a2-4320-8c2e-fe6a8d6cafb1,flurry.social,available,3.98,55.98,medium,low,6,namecheap,,,17/09/2026 09:17
b5e1c754-4df2-47eb-b308-af38ae73d504,maid.social,resell,,,high,low,4,"Spaceship, Inc.",20/02/2026 22:04,20/02/2027 22:04,26/09/2026 07:23
a9190242-cf77-4938-82d0-53a3d9d41e90,taranto.social,available,9.5,,medium,low,7,unstoppable,,,02/10/2026 19:15
2eb90869-cdc1-4f62-99ac-37500eeeaab8,bereaved.social,available,3.98,55.98,low,low,8,namecheap,,,09/08/2026 15:03
8b3884dd-595c-462f-99e4-04a14bc3f595,proposition.social,available,6.62,34.35,high,low,11,dynadot,,,28/09/2026 03:24
7a047ece-d1c4-4b5e-af2c-d19275fdb0de,roach.social,available,9.99,41.49,medium,low,5,namesilo,,,29/09/2026 06:23
9cc38959-0fb5-49af-adbf-938122177498,unc.social,available,9.99,41.49,medium,low,3,namesilo,,,02/10/2026 07:11
25e0364d-c5e7-42ff-bd25-d5fbea2f1be0,mystically.social,available,3.98,55.98,medium,low,10,namecheap,,,15/09/2026 15:58
505f487c-62e9-427d-b2d3-7bfdedcef499,crumpled.social,available,3.98,55.98,medium,low,8,namecheap,,,13/08/2026 09:06
1423b8bc-deeb-4165-9429-e8a083d8a970,inn.social,premium,118.8,118.8,high,low,3,namesilo,,,21/09/2026 02:28
ae2a2015-4bee-4b97-89af-1a2e7a5e909f,magnet.social,resell,,,high,low,6,Squarespace Domains II LLC,23/04/2024 15:15,23/04/2027 15:15,26/09/2026 07:22
c0bbeaed-6943-4a55-8789-ed1a39048061,moser.social,available,3.31,33.32,medium,low,5,spaceship,,,29/09/2026 03:32
3cf357cd-fd90-490c-8d22-f556126ad124,polemic.social,available,3.98,55.98,medium,low,7,namecheap,,,08/09/2026 22:51
af6219f8-1c36-41dc-b14b-d42548a5c32d,wounding.social,available,3.98,55.98,medium,low,8,namecheap,,,10/09/2026 17:53
09d643e6-939c-40a0-a151-d2f8338150a7,kellogg.social,available,32.2,32.2,high,low,7,cloudflare,,,27/09/2026 14:32
46e28eb9-3990-40eb-9467-0a0c97936b24,paul.social,premium,35.4,35.4,high,medium,4,namesilo,,,28/09/2026 20:25
75001c92-f349-4a87-b30d-bfa577ed93bc,negotiable.social,available,3.98,55.98,medium,low,10,namecheap,,,07/08/2026 06:30
43cd4556-f697-4f4b-bdcd-21e2ea07778c,gpa.social,available,9.5,,high,low,3,unstoppable,,,28/09/2026 05:52
e325c20b-2e7b-4551-935e-82ddc1e8481d,stimulant.social,available,3.98,55.98,high,low,9,namecheap,,,17/08/2026 16:30
fd54bf4d-c327-4ec5-803f-b1e8a7663c99,historic.social,available,3.98,55.98,high,low,8,namecheap,,,21/08/2026 09:51
5c3b8675-4bb4-483b-9eaf-00c9afb50bd8,monterrey.social,premium,,,medium,low,9,,,,28/09/2026 14:54
720bf7c4-3bb7-4ada-8c94-cf2195469e4b,vocational.social,available,3.98,55.98,high,low,10,namecheap,,,13/09/2026 06:29
0c838d8d-3d51-41ab-b1da-885ea4421acd,remembrances.social,available,9.99,41.49,medium,low,12,namesilo,,,19/09/2026 23:41
67e1ece1-3e3b-4a36-bb2a-fdf03722a45c,willard.social,available,9.99,41.49,medium,low,7,namesilo,,,25/09/2026 05:33
f5cb05ea-e291-40b1-9529-4ba8969e6f49,lightsome.social,available,3.98,55.98,medium,low,9,namecheap,,,10/08/2026 14:41
40a933d8-4fab-4243-a3f1-a178da0daced,tantric.social,available,3.98,55.98,high,low,7,namecheap,,,11/09/2026 08:05
b73d7f39-bd0e-4d66-bf3d-1301779e6b6f,reader.social,premium,828.2,828.2,high,low,6,spaceship,,,30/09/2026 02:38
7f3236b0-5208-47fb-94e6-cfbb3c36f4c2,outta.social,available,3.31,33.32,medium,low,5,spaceship,,,29/09/2026 20:53
51269849-4f8f-4fcf-aa61-74f31ba70d98,boney.social,available,3.98,55.98,medium,low,5,namecheap,,,10/08/2026 18:44
3dc6fac5-4452-4ed6-b77d-f3f53c0a2c1f,questionable.social,available,3.31,33.32,medium,low,12,spaceship,,,29/09/2026 02:59
d2581ec0-c372-4bbd-a868-d35e5fb2bc2d,jacques.social,available,9.99,41.49,high,low,7,namesilo,,,25/09/2026 13:47
7e923ef8-2ba7-4be2-9f5a-54b7fde399ba,unbecoming.social,available,3.98,55.98,medium,low,10,namecheap,,,22/08/2026 02:19
d24f6cb7-8546-4555-aff9-a9a6e29f7a92,def.social,available,9.99,41.49,high,low,3,namesilo,,,30/09/2026 11:47
8bf01a5f-8ab2-49c3-8ccf-8b31eea76e1b,functor.social,available,9.5,,high,low,7,unstoppable,,,02/10/2026 18:10
40958fb5-f4fc-49eb-9818-a236fa90c04a,ecg.social,available,6.69,33.47,high,low,3,porkbun,,,30/09/2026 00:58
5e0e66c1-d13f-4ca4-a396-59d41c507db2,brookhaven.social,available,6.62,34.35,high,low,10,dynadot,,,29/09/2026 15:45
13523687-8611-46f6-b239-6d20616afa5e,abrahams.social,available,9.99,41.49,medium,low,8,namesilo,,,01/10/2026 16:25
3ed1c12d-c9d8-4729-a775-c0cbd1b061d7,magnolia.social,resell,,,high,low,8,,,,30/09/2026 10:32
1e4f7913-ce0d-40c1-bf3b-5cbcdf302b5c,nigerian.social,premium,78.54,78.54,high,low,8,namesilo,,,03/09/2026 17:12
07291f07-8451-4e54-8cb6-c6ecb8ce38f7,conviction.social,available,3.98,55.98,high,low,10,namecheap,,,24/09/2026 18:01
1dc21e70-81ff-4c75-94ce-762dae2364b0,wrought.social,available,3.98,55.98,medium,low,7,namecheap,,,25/08/2026 03:48
cbd7b9b1-1e75-4df2-bb04-c884d6975468,furman.social,available,32.2,32.2,medium,low,6,cloudflare,,,29/09/2026 04:35
6a823b15-81b3-4758-9bbd-bac40c315a8a,immortality.social,available,6.69,33.47,medium,low,11,porkbun,,,29/09/2026 05:02
fc3de679-2803-4348-9a06-4621d8c506a5,danbury.social,available,6.62,34.35,high,low,7,dynadot,,,29/09/2026 10:05
d0521778-74a1-47c2-84e1-c2be5a884afd,miry.social,available,3.98,55.98,medium,low,4,namecheap,,,10/08/2026 17:05
91729661-e0cf-4f1c-b320-bf6c7d300d81,balsa.social,available,9.99,41.49,high,low,5,namesilo,,,21/09/2026 23:56
62843fdd-344c-4891-a3e6-2743183b224c,wafers.social,available,9.99,41.49,medium,low,6,namesilo,,,20/09/2026 21:54
2564c7b1-ef66-47f8-85f3-7c7678a88bf8,allergies.social,available,9.5,,medium,low,9,unstoppable,,,30/09/2026 23:41
cfdd1454-079c-4027-bf88-b63ccd60ec95,ghost.social,resell,,,high,medium,5,Dynadot Inc,21/11/2023 17:00,21/11/2026 17:00,26/09/2026 06:22
f9ffd0d8-d383-4800-92c2-0df1e55b3d3c,creole.social,available,3.98,55.98,high,low,6,namecheap,,,13/08/2026 06:07
8654d512-9a7d-4450-b6b9-353d1ea00183,balochi.social,available,9.99,41.49,medium,low,7,namesilo,,,21/09/2026 23:40
e45bfe0d-63e5-409a-874c-97a90d5f241a,confirms.social,available,9.99,41.49,low,low,8,namesilo,,,29/09/2026 05:49
96a2715a-9638-4cf3-aa94-c0e1f00f09fd,quantized.social,available,3.98,55.98,medium,low,9,namecheap,,,09/09/2026 07:30
db8c5c64-a4a2-48a1-a1ef-f9424fd54841,wealth.social,resell,,,high,low,6,"Chengdu West Dimension Digital Technology Co., Ltd.",10/01/2019 14:20,10/01/2027 14:20,01/10/2026 20:31
83f2642a-7134-40fb-91b5-d63453fdca9e,worker.social,premium,128.7,128.7,high,low,6,namecheap,,,27/09/2026 07:18
1892f178-9e5f-46d4-a045-62a2431d1f3a,hines.social,premium,118.8,118.8,high,low,5,namesilo,,,27/09/2026 07:58
828cd0c3-bf58-46bc-addf-e96361fbf976,sneaky.social,available,3.98,55.98,medium,low,6,namecheap,,,18/08/2026 18:58
a10c9be4-f822-4320-8f67-d534d816d024,cordially.social,available,3.98,55.98,medium,low,9,namecheap,,,14/09/2026 08:43
89fb178e-a117-4f57-8dc5-92e266b6b427,whiff.social,available,3.98,55.98,high,low,5,namecheap,,,09/09/2026 05:39
951b4bd0-c71e-4a31-8dff-37de5aeba0b9,couples.social,premium,118.8,118.8,medium,low,7,namesilo,,,
1971cef4-8400-477c-888f-5b3b3369a575,campania.social,available,9.99,41.49,high,low,8,namesilo,,,30/09/2026 16:35
e3ee1722-6417-4d4d-8ea4-4970db6bda0b,brazos.social,available,6.62,34.35,medium,low,6,dynadot,,,29/09/2026 18:04
d17ce4b5-4f75-43e6-ab1f-999f4c9fe0da,arid.social,available,3.98,55.98,medium,low,4,namecheap,,,06/08/2026 18:58
a3ece267-77b4-410b-a505-61dea15c3e55,toilets.social,available,32.2,32.2,low,low,7,cloudflare,,,28/09/2026 23:58
4315cd31-45bf-47c3-8898-a2a917c75f78,aperitif.social,available,9.99,41.49,high,low,8,namesilo,,,19/09/2026 16:32
5f459596-d1f4-4d24-be43-2af6a846f296,angularity.social,available,9.99,41.49,medium,low,10,namesilo,,,19/09/2026 07:43
bbd3e572-b6b1-4b87-8ce7-00d475c1ec70,tenerife.social,available,32.2,32.2,high,low,8,cloudflare,,,01/10/2026 04:01
bd3ec8c2-a383-44ee-b698-a1d2713ae2de,cristobal.social,available,9.5,,medium,low,9,unstoppable,,,30/09/2026 20:55
81d965f8-bf8f-4184-a190-11b89de6c70e,horsepower.social,available,9.5,,high,low,10,unstoppable,,,29/09/2026 19:06
47344405-859e-4520-a3a9-157fac914f9d,tubeless.social,available,3.98,55.98,medium,low,8,namecheap,,,11/09/2026 20:58
9277b6a3-896c-4625-8fea-60dccce9defd,principe.social,available,9.5,,medium,low,8,unstoppable,,,01/10/2026 03:22
f4f01e3b-ed60-4e5e-88d1-ec9750d883c8,bestial.social,available,3.98,55.98,medium,low,7,namecheap,,,09/08/2026 17:57
576da324-728d-4d64-88ad-2eab745c8fae,gwynn.social,available,9.5,,medium,low,5,unstoppable,,,03/10/2026 00:36
a408914f-1d64-4a5d-ba5d-ae8dee104860,redress.social,available,3.98,55.98,high,low,7,namecheap,,,09/09/2026 17:27
5c170b6e-c8e5-4152-aa66-b5d5b2d0e15d,lung.social,available,3.31,33.32,high,low,4,spaceship,,,27/09/2026 14:50
6f7cb046-0f81-4617-9d68-552e8488e5a8,unsinkable.social,available,3.98,55.98,medium,low,10,namecheap,,,12/09/2026 19:58
384fb242-ba79-4200-8c08-abac33d94d60,alkaline.social,available,9.99,41.49,high,low,8,namesilo,,,22/09/2026 00:14
0e5d4f47-08fd-4628-99ca-67bf1fc35b50,acrimony.social,available,9.99,41.49,medium,low,8,namesilo,,,17/09/2026 03:09
ef01909c-3378-4474-abb1-100b9f229388,adjustment.social,available,3.98,55.98,high,low,10,namecheap,,,18/08/2026 05:52
194147cc-4088-4d02-a262-7111de700706,olden.social,available,3.98,55.98,medium,low,5,namecheap,,,04/09/2026 02:02
0f02d99a-f149-4e90-9ed9-554d076cb0c2,liquidate.social,available,3.31,33.32,medium,low,9,spaceship,,,03/10/2026 02:30
5340bb9f-4fc6-4b1e-baa4-40742de8758a,mediocre.social,available,3.98,55.98,high,low,8,namecheap,,,25/09/2026 18:51
99d2cc7d-aa04-4826-b448-b3bdd494cdad,conflicting.social,available,9.99,41.49,medium,low,11,namesilo,,,30/09/2026 03:55
e320dbec-a677-4463-a9ff-4fb870e061cf,nurse.social,available,9.99,41.49,high,low,5,namesilo,,,29/09/2026 22:12
9ae8e7ba-8590-4e3d-823c-df12569b64fb,riverdale.social,available,9.99,41.49,high,low,9,namesilo,,,30/09/2026 05:42
d5ca3c73-1166-4c84-8fe8-6cb585dedc63,ramsey.social,premium,118.8,118.8,high,low,6,namesilo,,,25/09/2026 15:22
3e510b91-a013-4549-86ef-4af0389dda03,nattily.social,available,3.98,55.98,medium,low,7,namecheap,,,15/09/2026 16:12
c442ea51-8c76-4401-99d5-56a4be8f6484,car.social,premium,520,520,high,medium,3,namecheap,,,28/09/2026 23:22
609a22d2-a52a-4495-b186-b93509662085,removes.social,available,9.5,,medium,low,7,unstoppable,,,30/09/2026 07:26
03f4a09d-5ba5-4d49-8584-2b67f56b55e3,lividly.social,available,3.98,55.98,low,low,7,namecheap,,,15/09/2026 12:36
5e3f551d-205a-4b15-a3b5-17698d67d8fd,proliferate.social,available,3.31,33.32,high,low,11,spaceship,,,03/10/2026 02:42
c4a3ec9b-008a-4396-a976-9beb8bbb1464,shoplift.social,available,6.62,34.35,medium,low,8,dynadot,,,30/09/2026 21:24
c16ec7cd-2e7f-4b13-bf72-8ca883fd4c12,robotics.social,premium,118.8,118.8,high,low,8,namesilo,,,02/10/2026 12:42
5528978a-1f30-4e4a-91ae-8e31e65306f3,awfully.social,available,9.99,41.49,medium,low,7,namesilo,,,22/09/2026 15:26
65878c7c-1c67-417b-b439-cbcdc5fd72ab,asafoetida.social,available,9.99,41.49,medium,low,10,namesilo,,,20/09/2026 12:43
d6f30ca6-c0c3-4367-acd1-d6b6933ebdb8,wolverhampton.social,available,32.2,32.2,medium,low,13,cloudflare,,,29/09/2026 21:58
0418a2d9-2460-44d2-8a53-087d8d27acb0,retaining.social,available,3.31,33.32,high,low,9,spaceship,,,30/09/2026 04:00
8307ce9a-2275-42af-8f7a-8ccb9f7e2d55,complained.social,available,9.5,,low,low,10,unstoppable,,,28/09/2026 17:47
4cd3b0b1-ec08-4a08-912f-d5d481b6ef34,hogarth.social,available,9.99,41.49,high,low,7,namesilo,,,29/09/2026 13:03
16107d4a-6668-48e6-9b1e-0c06c9bc5f8e,burgoyne.social,available,9.99,41.49,medium,low,8,namesilo,,,30/09/2026 16:31
21871c20-00ab-4c79-88af-f539cd8177d5,joyfully.social,available,3.98,55.98,high,low,8,namecheap,,,14/09/2026 21:32
7c6d77e9-68a0-455e-b188-2c9d563c7294,consenting.social,available,3.98,55.98,high,low,10,namecheap,,,12/08/2026 22:35
a0d6ec2f-fce7-407c-9b08-04c7ba1b3e00,ataturk.social,available,9.99,41.49,high,low,7,namesilo,,,20/09/2026 19:44
f39ee4ee-06c0-4b2f-a2b6-29e636875e2e,juliana.social,available,9.99,41.49,medium,low,7,namesilo,,,29/09/2026 09:40
9b7ffc94-c8f4-443b-a014-4b126bb10229,sentence.social,available,9.5,,high,low,8,unstoppable,,,30/09/2026 01:02
31a64894-b9e3-45d3-8b31-ffeded53234f,rapping.social,available,9.99,41.49,high,low,7,namesilo,,,03/10/2026 03:01
ae9131a1-7990-4f08-b19e-e6c149dbd917,lsa.social,available,3.31,33.32,medium,low,3,spaceship,,,01/10/2026 18:39
1f0f637c-43cc-4338-8704-f0234a31611f,strained.social,available,3.98,55.98,high,low,8,namecheap,,,23/09/2026 21:17
000a1307-cfbb-4613-b9dc-9d7cac70db91,eighteenth.social,available,3.98,55.98,high,low,10,namecheap,,,
bb946769-dce3-4794-a371-4d6c64d6e34c,joins.social,available,3.31,33.32,medium,low,5,spaceship,,,29/09/2026 17:15
ab1cf41e-e0c1-410c-b237-77b344fcf9c6,impressed.social,available,9.5,,high,low,9,unstoppable,,,01/10/2026 17:56
af1fbd45-de7b-4670-a2cc-4315b3a0c2a7,surveyor.social,available,9.99,41.49,high,low,8,namesilo,,,02/10/2026 06:30
cd5880b5-cbd2-4495-8222-5497e7a07a00,analysis.social,premium,99.5,102.67,high,low,8,unstoppable,,,02/10/2026 08:20
5f486ace-ee7e-428b-ae93-85c7e5665da5,ribless.social,available,3.98,55.98,medium,low,7,namecheap,,,09/09/2026 17:15
72e9c5a4-938d-40c8-b6e8-c6e29650f173,amentia.social,available,11.99,50.99,medium,low,7,name.com,,,18/09/2026 19:00
2a8b3743-1509-4e6d-87e3-438d6ba23598,hastings.social,available,9.99,41.49,high,low,8,namesilo,,,22/09/2026 15:09
d67c0fe2-66e3-488c-a6c5-807cfa695821,rawlinson.social,available,3.31,33.32,medium,low,9,spaceship,,,02/10/2026 09:45
ba59854b-7507-409b-bc72-24a85771788e,unrivaled.social,available,3.98,55.98,high,low,9,namecheap,,,24/08/2026 17:06
ea66181e-64c2-49f5-8f70-5c210eadb0ec,pillage.social,available,3.98,55.98,medium,low,7,namecheap,,,08/09/2026 21:56
2b0a39f8-dc25-4aae-b42c-5545f92a671b,highlighting.social,available,32.2,32.2,high,low,12,cloudflare,,,01/10/2026 23:00
7bb53ba1-d199-4f71-8acf-300fe5b50dd7,puri.social,available,32.2,32.2,high,low,4,cloudflare,,,30/09/2026 11:54
808dbd2e-c35d-424b-836b-6cfb22e3325e,buckle.social,available,6.62,34.35,medium,low,6,dynadot,,,28/09/2026 18:30
644e0a95-9bfc-4b4f-9231-4001b8992e57,grady.social,available,3.31,33.32,medium,low,5,spaceship,,,28/09/2026 08:08
dd78436f-4038-4fd0-9a85-79a0898f4a2f,abysm.social,available,9.99,41.49,medium,low,5,namesilo,,,16/09/2026 19:45
5d6cb6e6-de42-4abb-b381-38e8c4ef5d27,tempting.social,available,9.99,41.49,high,low,8,namesilo,,,22/09/2026 01:44
f5fef56a-07d8-4ff4-b656-311d1ef80985,intrepid.social,available,9.99,41.49,high,low,8,namesilo,,,22/09/2026 12:24
05d03884-769a-478b-877a-cb4e0906b92d,ramate.social,available,3.98,55.98,medium,low,6,namecheap,,,11/08/2026 02:17
7f008f76-4347-475f-92b4-b1bf4c46d8bb,equations.social,available,9.99,41.49,medium,low,9,namesilo,,,18/09/2026 12:39
5532ea89-eac0-4db0-b5bf-4283b6068d5b,hammers.social,available,9.99,41.49,medium,low,7,namesilo,,,01/10/2026 08:09
f651530d-2845-46a9-8bf3-1b1f6fd5a8dd,prewar.social,available,3.98,55.98,medium,low,6,namecheap,,,09/09/2026 01:51
1558a3dc-74ed-49ad-93bc-7e11cd2824c3,winking.social,available,3.98,55.98,high,low,7,namecheap,,,10/08/2026 14:28
9b7b9d22-9262-4174-b2f8-010455f5936d,knockabout.social,available,3.98,55.98,medium,low,10,namecheap,,,22/08/2026 16:33
ac4f49ee-119a-49f5-b542-63539d7034dc,nepa.social,available,3.31,33.32,medium,low,4,spaceship,,,01/10/2026 19:45
851ddaca-5599-4396-be80-4945b2e57890,rossi.social,available,9.99,41.49,high,low,5,namesilo,,,27/09/2026 01:41
e25cbbeb-736d-4250-829b-3d2122fb2942,ties.social,resell,,,high,low,4,"Sav.com, LLC - 16",16/11/2025 15:15,16/11/2026 15:15,26/09/2026 09:37
b7ebfc8f-0c13-4b22-983b-345f10f8ec62,aurora.social,resell,,,high,medium,6,"Xiamen ChinaSource Internet Service Co., Ltd",18/02/2026 15:15,18/02/2027 15:15,26/09/2026 04:08
f8e4ff9a-1548-406c-b796-a781967ba6af,montagu.social,available,9.99,41.49,medium,low,7,namesilo,,,20/09/2026 13:56
f348c751-46f3-4396-a2aa-dc04c548951c,offices.social,available,3.98,55.98,medium,low,7,namecheap,,,18/09/2026 05:07
a16f3d71-ac23-438f-b318-b3357f2c3705,molecules.social,available,11.99,,medium,low,9,name.com,,,
4c1040dc-6fb3-4e2e-bd82-b1b7c5329cc1,released.social,available,11.99,,medium,low,8,name.com,,,
a76dd247-c53a-4c51-b4be-912e00c5e0d1,lytle.social,available,9.99,41.49,medium,low,5,namesilo,,,02/10/2026 10:30
df9a32ae-3b36-4bef-bd01-954bfbbc025d,knuckles.social,available,9.99,41.49,medium,low,8,namesilo,,,30/09/2026 00:51
3d5d978d-1cc4-4aac-a744-ab6804085d3e,carlow.social,available,32.2,32.2,high,low,6,cloudflare,,,03/10/2026 05:00
8d3b7273-e3ce-4a89-8449-7d1c6a116655,snowden.social,available,3.31,33.32,medium,low,7,spaceship,,,29/09/2026 11:15
5757d2c5-473d-4c3d-97af-d1a18cbb171f,anomie.social,available,3.98,55.98,high,low,6,namecheap,,,19/09/2026 11:29
15cdb4fd-25a2-4221-98d2-fdc503e69ced,boasting.social,available,6.62,34.35,medium,low,8,dynadot,,,02/10/2026 04:07
681155d6-ba35-44cd-84ef-b5ca1dd7c119,tori.social,available,9.5,,medium,low,4,unstoppable,,,02/10/2026 20:03
3399deaf-9c0c-46d9-9841-3413c9b4f336,exterior.social,available,3.98,55.98,high,low,8,namecheap,,,17/08/2026 19:05
8311c6de-1851-4e71-9904-1b2eafee2cb8,expression.social,available,9.5,,high,low,10,unstoppable,,,29/09/2026 18:43
b4cd081e-efc8-4fd3-9e63-5a82295e12f4,rigid.social,available,9.99,41.49,high,low,5,namesilo,,,27/09/2026 15:17
f6304809-240a-420b-a12a-b1fb2bc93818,compartment.social,available,3.31,33.32,high,low,11,spaceship,,,28/09/2026 03:28
23b9951e-e42f-46f4-b13e-bd4ed92c0360,unicameral.social,available,3.98,55.98,medium,low,10,namecheap,,,12/09/2026 12:46
49de02cf-557d-4485-9c41-7cb8a48d79db,exploits.social,available,3.31,33.32,medium,low,8,spaceship,,,30/09/2026 15:37
3aa9c214-ef9c-40f1-b548-c37ec8970131,overwhelm.social,available,9.99,41.49,high,low,9,namesilo,,,30/09/2026 18:52
de2c72b8-8b05-4a47-8b63-348889cdf17c,transforms.social,available,6.69,33.47,medium,low,10,porkbun,,,02/10/2026 13:13
23c7de91-2e9b-4a65-bdff-1ed4e1576d1b,frans.social,available,3.31,33.32,medium,low,5,spaceship,,,29/09/2026 10:53
ccdc339a-c08a-413e-b5e4-2791bb4048bd,fearful.social,available,9.99,41.49,medium,low,7,namesilo,,,24/09/2026 01:08
0a8d6a50-ea53-4d75-8cb6-9a0dab2c2772,tolls.social,available,9.99,41.49,medium,low,5,namesilo,,,02/10/2026 14:23
cc926726-e744-4c78-92c4-3db5b3a963c2,item.social,available,3.31,33.32,high,low,4,spaceship,,,28/09/2026 09:23
b2ddcfa2-3c2f-4900-8537-41843075620d,housekeeping.social,available,3.31,33.32,high,low,12,spaceship,,,29/09/2026 10:23
fb61f922-d48f-45cc-8b83-0be56cae614d,reversion.social,available,3.98,55.98,high,low,9,namecheap,,,09/09/2026 16:19
c601ffe9-e646-446f-ba68-f414b07f0a53,snippet.social,resell,,,high,low,7,UM DOMAINS PTE. LTD,31/05/2026 15:15,31/05/2027 15:15,30/09/2026 11:22
16d05bee-4d1f-4813-87c3-026ab626cef7,buys.social,available,9.99,41.49,medium,low,4,namesilo,,,28/09/2026 09:07
7b8a0c6a-1979-4dd5-8579-11e6e074f4e3,worrying.social,available,3.98,55.98,medium,low,8,namecheap,,,14/08/2026 13:23
f253f16e-9cbe-438c-bd6c-a8c28455b71f,rentable.social,available,3.98,55.98,high,low,8,namecheap,,,09/09/2026 14:16
7a8f9215-c126-4107-8316-e4e303ef5177,bronchial.social,available,3.98,55.98,medium,low,9,namecheap,,,11/08/2026 05:35
3ad492b1-22b2-4719-9456-3166750b8997,ungummed.social,available,3.98,55.98,low,low,8,namecheap,,,12/09/2026 11:43
1d04996a-6117-4102-9048-7626b072b5f4,odious.social,available,3.98,55.98,medium,low,6,namecheap,,,
38e06d31-16a3-4239-9e27-f701b7bb8890,waive.social,available,3.98,55.98,high,low,5,namecheap,,,18/08/2026 11:49
57271be3-4907-4d25-a3ce-e4bb619c5495,rabbinic.social,available,3.98,55.98,medium,low,8,namecheap,,,09/09/2026 09:14
4ad7fb00-aa2e-4448-a35f-69e351a28d17,dalit.social,available,6.62,34.35,high,low,5,dynadot,,,03/10/2026 03:49
2e9ef272-8f37-4b3b-8de4-3d8eb39ad3df,puberty.social,available,9.5,,high,low,7,unstoppable,,,29/09/2026 02:00
6dc8e834-deb6-4d12-84cc-519af9f11c20,heine.social,available,3.31,33.32,high,low,5,spaceship,,,29/09/2026 15:16
620c658c-32b8-4085-933a-322e94b5b7e6,careless.social,available,9.99,41.49,high,low,8,namesilo,,,23/09/2026 12:52
ed5458b2-a30a-45fc-a7c7-ebc43388645a,bombast.social,available,3.98,55.98,medium,low,7,namecheap,,,24/09/2026 03:35
660f1512-5b85-4709-a65a-d6a403619872,aorta.social,available,9.99,41.49,medium,low,5,namesilo,,,19/09/2026 16:04
0427a530-c1dc-4b0d-8732-73d44f5f3dce,poetics.social,available,32.2,32.2,high,low,7,cloudflare,,,01/10/2026 03:18
a071cdba-1690-4f64-afa6-ac375acbe2ed,temperate.social,available,3.98,55.98,high,low,9,namecheap,,,11/09/2026 10:48
6b7dc7db-2afa-45fc-bd8c-a0298c3fc593,politely.social,available,32.2,32.2,medium,low,8,cloudflare,,,28/09/2026 14:24
5871ccdd-bb4c-4ae7-a0a5-1f7a592dc69f,kempt.social,available,3.98,55.98,medium,low,5,namecheap,,,22/08/2026 15:32
d2a604fd-2b4e-45d7-b420-9b19ed697f1d,catenate.social,available,3.98,55.98,high,low,8,namecheap,,,11/08/2026 21:39
9724a90f-10c9-4b57-9c1d-11064c1d1809,skulls.social,available,9.99,41.49,medium,low,6,namesilo,,,20/09/2026 10:31
e08d0ee8-2010-482a-ae83-da6f9c64cfd3,abaya.social,available,3.98,55.98,medium,low,5,namecheap,,,16/09/2026 14:18
c4be038e-6309-43e9-8e27-478317bfe8cd,conventions.social,available,32.2,32.2,medium,low,11,cloudflare,,,29/09/2026 16:17
524d8333-1ef7-404a-9f8e-5929e42a257b,diode.social,available,3.98,55.98,high,low,5,namecheap,,,24/09/2026 20:00
705e50fd-d4ae-4e29-b215-ecdd9ff0c33c,zapotec.social,available,3.98,55.98,high,low,7,namecheap,,,13/09/2026 15:07
8bee4529-4f1b-4fb2-b9ba-00a1c921b33f,wrapping.social,available,3.31,33.32,high,low,8,spaceship,,,28/09/2026 20:35
13b3162f-1754-4933-91a4-145e4199fe49,gourmet.social,premium,78.54,78.54,high,low,7,namesilo,,,24/09/2026 14:33
52aa5988-0d11-4c0b-9702-d783cd2a94c3,homosexuals.social,available,3.98,55.98,low,low,11,namecheap,,,01/10/2026 00:33
383a7d5e-36ef-446f-86e7-022e43224735,backing.social,available,9.99,41.49,high,low,7,namesilo,,,21/09/2026 15:39
6c02aba5-a258-4f0f-ae66-fb273f9d9e8f,vehicles.social,available,9.99,41.49,medium,low,8,namesilo,,,16/09/2026 11:23
b57f864a-d10f-4555-a696-0213d7d2f4f8,bakehouse.social,available,3.98,55.98,high,low,9,namecheap,,,21/09/2026 20:13
273cdd27-28f8-413c-8b41-dad454e95823,comedian.social,premium,35.4,35.4,high,low,8,namesilo,,,23/09/2026 15:26
1b37dbde-f58c-4711-bb4b-15f8afcf900d,drafty.social,available,3.98,55.98,medium,low,6,namecheap,,,14/08/2026 18:12
6cbd4e81-4695-4619-9b87-ce87bc932a36,barbwire.social,available,9.99,41.49,medium,low,8,namesilo,,,22/09/2026 04:47
6c018d8b-8d2a-4559-aaad-a5c12a412906,cripple.social,available,3.98,55.98,medium,low,7,namecheap,,,22/08/2026 18:58
78776aee-2fdf-4a99-9afc-67a8792d0b8e,silvery.social,available,3.98,55.98,medium,low,7,namecheap,,,06/08/2026 17:56
8e37dc2f-54ea-4180-95c0-1131bc4ba127,altoona.social,available,9.99,41.49,medium,low,7,namesilo,,,18/09/2026 15:04
53f7110b-dc53-44c0-b8a7-88e505cdda83,crassus.social,available,9.99,41.49,medium,low,7,namesilo,,,02/10/2026 00:48
632b8aa0-010c-4c93-8c3d-7401fa1fd526,drunken.social,available,3.98,55.98,medium,low,7,namecheap,,,09/08/2026 19:02
3a58922c-0140-46df-b72b-5a151fba712b,guangdong.social,available,32.2,32.2,medium,low,9,cloudflare,,,28/09/2026 09:58
da93a68f-fa5e-4b23-804c-943f58f602d4,blare.social,available,3.98,55.98,medium,low,5,namecheap,,,10/08/2026 13:12
a5e5f686-ae11-40b4-884b-885781e5252a,thracian.social,available,3.98,55.98,medium,low,8,namecheap,,,11/09/2026 14:10
8db0ea52-8983-4e62-b9eb-159e13bccb2a,melts.social,available,3.31,33.32,medium,low,5,spaceship,,,01/10/2026 18:04
8e7c360e-1b4c-496f-850a-ea749ad80932,seldom.social,available,3.98,55.98,medium,low,6,namecheap,,,15/09/2026 22:34
0d1cfcf5-b55c-446d-953b-f55d39def2f0,relaxation.social,available,3.31,33.32,high,low,10,spaceship,,,29/09/2026 12:08
ca532c59-bf42-490a-8bb7-99aaaf184526,nibbed.social,available,3.98,55.98,low,low,6,namecheap,,,03/09/2026 16:57
4908c201-7963-48c6-90f4-91b2dc49156f,factually.social,available,3.98,55.98,medium,low,9,namecheap,,,14/09/2026 17:27
1a4ae301-c876-4ee2-b2d1-f8adec6954d6,jibe.social,available,3.98,55.98,medium,low,4,namecheap,,,22/09/2026 04:14
92b511ce-8041-448d-8161-042103c9dbfd,lenape.social,available,6.69,33.47,high,low,6,porkbun,,,02/10/2026 00:23
ecead1d2-4ef9-4836-9488-3786538a10b5,whizz.social,available,3.98,55.98,high,low,5,namecheap,,,21/09/2026 18:06
7c863ccd-25b8-45f3-a46c-b17f593dd7a0,marry.social,available,3.98,55.98,high,low,5,namecheap,,,13/09/2026 09:36
57e406f4-34e4-497e-83e9-90865d11d7a0,genevieve.social,available,3.31,33.32,medium,low,9,spaceship,,,28/09/2026 16:45
a6b16df1-884d-42dc-8b45-6985330450cb,steinmetz.social,available,9.99,41.49,high,low,9,namesilo,,,02/10/2026 23:57
cdac529b-1c55-4e2a-a363-28b9164f0297,imaging.social,available,3.31,33.32,high,low,7,spaceship,,,29/09/2026 19:16
0c245ea0-32ff-4fae-a66d-90403d5c88c9,blackcap.social,available,9.99,41.49,medium,low,8,namesilo,,,23/09/2026 23:42
9d68f919-b5a1-4c1b-b6d6-24cb5389c8fc,athelstan.social,available,3.98,55.98,medium,low,9,namecheap,,,20/09/2026 20:33
bbf3dea0-794f-4db4-855a-ab17163ebd5a,sneezed.social,available,9.99,41.49,low,low,7,namesilo,,,20/09/2026 15:10
a2be3ed3-229d-4295-bb23-b8edd1c18bb9,birches.social,available,9.99,41.49,medium,low,7,namesilo,,,20/09/2026 07:32
aa89d73e-0027-4d35-9d67-4adaee27412b,arrhythmia.social,available,9.99,41.49,medium,low,10,namesilo,,,20/09/2026 09:13
db3f58a8-c586-4e73-91f3-684510d68dc7,radium.social,available,9.99,41.49,high,low,6,namesilo,,,20/09/2026 23:59
b0c8086e-f30e-4472-82b6-f4be7a646324,cope.social,premium,128.7,128.7,high,low,4,namecheap,,,24/09/2026 18:08
ae8167b1-6e87-4650-ad5e-c69af286f5b1,unsociable.social,available,3.98,55.98,medium,low,10,namecheap,,,12/09/2026 20:09
0553cfcf-0377-4be9-a2ef-72be9d18d35f,lifeless.social,available,3.98,55.98,medium,low,8,namecheap,,,17/08/2026 15:52
4df8f7d0-57da-48ff-89c3-a6e5d8c05c3a,house.social,resell,,,high,medium,5,UM DOMAINS PTE. LTD,10/03/2026 15:15,10/03/2027 15:15,26/09/2026 06:44
73adf08d-7f71-4a0f-aead-ef4ca1c8fb3f,purchase.social,available,32.2,32.2,high,low,8,cloudflare,,,29/09/2026 05:36
eb135d42-b4a2-48f5-927b-936670eb861c,unimpeded.social,available,3.98,55.98,medium,low,9,namecheap,,,12/09/2026 13:10
ae5bc88c-da3c-478e-a404-f51e3bdd4ffa,expressway.social,available,3.98,55.98,high,low,10,namecheap,,,30/09/2026 17:16
6260502c-27f8-46b7-83bc-c17ec825a321,umayyad.social,available,3.31,33.32,high,low,7,spaceship,,,30/09/2026 18:14
9ba68219-21ca-4f62-abf5-bcdf44a1b5e1,adlumia.social,available,9.99,41.49,medium,low,7,namesilo,,,17/09/2026 08:37
9a5c9cc5-bb3d-4939-a06c-bdb5660aeade,maracaibo.social,available,32.2,32.2,medium,low,9,cloudflare,,,02/10/2026 05:43
50fb223b-c2db-4b05-bda7-9191a4e8d891,doings.social,available,9.99,41.49,medium,low,6,namesilo,,,23/09/2026 03:17
9c2aea43-abca-4210-bfd0-4d8f6777cbb5,bandit.social,premium,78.54,78.54,high,low,6,namesilo,,,22/09/2026 01:19
9cccb389-0f2c-4943-ac48-32fc944d708c,scourge.social,available,3.98,55.98,medium,low,7,namecheap,,,18/08/2026 06:16
39a368e0-8947-4d1a-8c0f-679403ac0844,sybarite.social,available,3.98,55.98,medium,low,8,namecheap,,,13/09/2026 07:15
a1d16633-676b-42c8-aaaa-f80c33cf4222,honesty.social,available,9.99,41.49,high,low,7,namesilo,,,28/09/2026 06:00
0ffae2a1-3598-40c8-84d0-1e412bd015b0,league.social,resell,,,high,low,6,"Chengdu West Dimension Digital Technology Co., Ltd.",09/03/2023 15:00,09/03/2027 15:00,30/09/2026 02:33
a9deb484-9af2-4f5a-8d74-a1cb52f65ca9,director.social,premium,118.8,118.8,high,low,8,namesilo,,,29/09/2026 10:50
7c9b0897-6dbc-4cf1-b816-1ae7df9dddfc,splashy.social,available,3.98,55.98,medium,low,7,namecheap,,,18/08/2026 06:22
c06a42ae-52f0-452c-adc5-c0185aef0a96,bauble.social,available,9.99,41.49,medium,low,6,namesilo,,,22/09/2026 16:31
eae545f7-a7fd-4a69-9a20-4a4a62a39929,obstruct.social,available,3.31,33.32,medium,low,8,spaceship,,,01/10/2026 01:09
b6690cf1-a8f9-409a-8022-8c3bec62baed,untaxed.social,available,3.98,55.98,medium,low,7,namecheap,,,11/09/2026 09:28
635f2691-46f2-48b8-852b-45ca1e02f50a,judgments.social,available,32.2,32.2,medium,low,9,cloudflare,,,30/09/2026 15:26
d4950015-aaed-4a60-b806-d2940f79d519,tenants.social,available,3.31,33.32,medium,low,7,spaceship,,,29/09/2026 05:33
2a420a53-832e-49d2-8cb6-55c4905d4630,tuition.social,available,9.5,,high,low,7,unstoppable,,,28/09/2026 15:30
df029301-e24e-486b-aa8a-c740b42f17f5,richness.social,available,3.98,55.98,high,low,8,namecheap,,,17/09/2026 14:41
ebe698a8-112a-4f95-8707-41da12443024,footballer.social,available,9.5,,high,low,10,unstoppable,,,29/09/2026 19:49
ad9f5420-94f4-4ce3-996e-bd5d63ae4c9e,ema.social,premium,85.8,85.8,high,low,3,namecheap,,,01/10/2026 16:52
9fce1a43-54c8-4e33-9e20-7cdeb5da9a56,beldame.social,available,9.99,41.49,medium,low,7,namesilo,,,23/09/2026 04:46
97e88c33-0616-4c44-b473-086356761c7c,jects.social,available,9.5,,high,low,5,unstoppable,,,02/10/2026 02:50
783c54be-0928-4132-95de-f9c72f055743,configuration.social,available,32.2,32.2,medium,low,13,cloudflare,,,29/09/2026 10:14
dd688069-6668-499d-877c-ae74cb22ba41,eighth.social,available,3.98,55.98,high,low,6,namecheap,,,
f7b556aa-db17-4346-b1c5-8f7d67d76817,valeria.social,premium,68.51,68.51,medium,low,7,spaceship,,,02/10/2026 09:11
3005e18a-6750-4e78-8598-5f4a729d1655,appellant.social,available,3.98,55.98,medium,low,9,namecheap,,,06/08/2026 06:23
94ac8113-c463-4ca6-a84e-4bdd553b694f,nescience.social,available,3.98,55.98,medium,low,9,namecheap,,,12/09/2026 14:26
b9902483-824f-479a-a69a-67ebfffdadcd,illuminator.social,available,6.69,33.47,high,low,11,porkbun,,,01/10/2026 23:19
e7e2f5f3-36ca-422a-bd15-03848d254b48,mitchell.social,premium,118.8,118.8,high,low,8,namesilo,,,20/09/2026 11:03
cfd44bb1-cea4-4935-8d68-063e09fbe9c7,galloway.social,available,3.98,55.98,high,low,8,namecheap,,,01/10/2026 19:42
f95544ac-e013-443e-9c27-5ecb7d9da06a,buttonlike.social,available,3.98,55.98,medium,low,10,namecheap,,,09/08/2026 03:39
5ee33cb7-1bb8-41f3-9895-287eb9ebdc89,assignment.social,available,3.98,55.98,high,low,10,namecheap,,,19/09/2026 21:59
04b8e57d-5756-429d-98b1-864a9d84d5a8,cary.social,available,9.99,41.49,high,low,4,namesilo,,,25/09/2026 12:59
2feffd6a-51be-4e3e-812c-464bd822e542,biter.social,available,9.99,41.49,medium,low,5,namesilo,,,23/09/2026 22:27
531e4dd8-dcf3-4192-b812-72f113f797d6,rustless.social,available,3.98,55.98,medium,low,8,namecheap,,,09/09/2026 20:19
3ce300b7-501a-4b09-92d9-193b735589e5,businesslike.social,available,9.99,41.49,medium,low,12,namesilo,,,02/10/2026 10:46
a4616224-aea6-45d5-803d-f6391fc39da8,misconception.social,available,3.31,33.32,medium,low,13,spaceship,,,02/10/2026 11:17
d366a4eb-1027-44ca-b571-38814c20a890,brambly.social,available,3.98,55.98,medium,low,7,namecheap,,,11/08/2026 01:59
fc602d01-e625-41d0-865c-171dc0dced71,otiose.social,available,3.98,55.98,medium,low,6,namecheap,,,17/08/2026 20:56
bdb53704-ab9a-4304-bf08-0f6450fb54f5,compositions.social,available,3.31,33.32,medium,low,12,spaceship,,,02/10/2026 01:26
26e0690f-ce09-4e20-98a1-17e0da3e2d1d,caught.social,available,11.99,,high,low,6,name.com,,,
b2a71f34-ecba-4627-a758-d22ae77a28bc,preserved.social,available,9.99,41.49,high,low,9,namesilo,,,27/09/2026 05:50
66085610-2eac-4625-ab01-03ab6dcc0a8d,tibetan.social,available,3.98,55.98,high,low,7,namecheap,,,11/09/2026 15:23
5c5f114e-b164-4f97-b37c-a6b0e7c2b709,competitor.social,premium,118.8,118.8,high,low,10,namesilo,,,29/09/2026 06:18
e7df259b-0ee2-47a7-a8bb-41ecefef24c4,ina.social,available,3.98,55.98,high,low,3,namecheap,,,28/09/2026 04:04
fa6875ca-2e45-4b29-bbe7-63b37e8523cb,chattahoochee.social,available,9.99,41.49,medium,low,13,namesilo,,,30/09/2026 22:12
387c0d00-7321-4b9b-8bb1-14f5e9bb6178,superfine.social,available,3.98,55.98,high,low,9,namecheap,,,04/09/2026 21:37
4ed66370-13f8-4157-9ee9-a2cf36880043,aviary.social,available,9.99,41.49,high,low,6,namesilo,,,21/09/2026 09:22
2b240f63-696a-4590-93e9-913eb39ccc42,demonic.social,available,3.98,55.98,medium,low,7,namecheap,,,14/08/2026 01:26
729fecd7-fcbc-40c7-bc4e-08a1cc99f8da,inhabited.social,available,3.98,55.98,high,low,9,namecheap,,,22/08/2026 04:59
22eb5230-0bbb-49fb-a3a8-8bb2f6c05e5e,isoclinic.social,available,3.98,55.98,medium,low,9,namecheap,,,22/08/2026 11:02
94462218-0f0c-451d-9e0f-a7e8af539dc1,behest.social,available,9.99,41.49,high,low,6,namesilo,,,23/09/2026 03:29
582b828f-ee84-4f53-8341-bb1c878110b5,afford.social,available,9.99,41.49,high,low,6,namesilo,,,25/09/2026 11:07
b09e43d2-3bad-4b14-834f-1514fea0d792,sweetener.social,available,9.99,41.49,high,low,9,namesilo,,,21/09/2026 19:45
fe21cd37-ba4f-4e14-a0c7-717c5cb44f49,smuggling.social,available,3.31,33.32,medium,low,9,spaceship,,,28/09/2026 15:22
b24bcd72-a060-4373-a7b7-55001efce829,dubuque.social,available,9.99,41.49,medium,low,7,namesilo,,,28/09/2026 05:32
0deb2a6f-ae12-4441-97c9-40f8a5336e87,homosexual.social,premium,123.75,123.75,high,low,10,name.com,,,18/08/2026 20:54
38655cff-5a0c-4830-9120-431bb99d23ae,cheating.social,available,3.98,55.98,medium,low,8,namecheap,,,12/08/2026 03:32
25e23647-0f39-40aa-9126-db67c6cc85b4,neutrophils.social,available,9.5,,medium,low,11,unstoppable,,,30/09/2026 14:46
40ac77d2-286f-4238-9bba-2104b7dd8c9d,fumed.social,available,3.98,55.98,medium,low,5,namecheap,,,18/08/2026 18:20
d2c6da59-8968-491e-bb2a-b49f658b7af7,issuer.social,available,32.2,32.2,high,low,6,cloudflare,,,30/09/2026 10:16
625e005b-6917-43c8-859d-39fbfee7e3ef,farmstand.social,available,9.5,,medium,low,10,unstoppable,,,03/10/2026 02:04
8e4f066f-9f13-4ec9-a126-783c03a834e3,overgrown.social,available,3.98,55.98,medium,low,9,namecheap,,,04/09/2026 20:42
b4e0e2bb-e087-4db3-9c8b-01ae29207376,positions.social,available,9.99,41.49,medium,low,9,namesilo,,,19/09/2026 00:35
9bd6597d-a969-4048-b1d8-6c73ac358ceb,friendless.social,available,3.98,55.98,medium,low,10,namecheap,,,18/08/2026 15:33
94a83b03-1ce4-419a-9b4f-62b81df8273b,youthfully.social,available,9.99,41.49,medium,low,10,namesilo,,,16/09/2026 11:49
2d17f298-7c39-49e9-8f03-836a933186ac,convincing.social,available,3.98,55.98,high,low,10,namecheap,,,23/09/2026 22:56
f93cb0a2-adc3-425a-8d76-e44d6960e40c,punter.social,available,3.31,33.32,medium,low,6,spaceship,,,29/09/2026 02:17
7298ba2b-9d8e-4b18-8d71-cdf0adc6b31a,transfixed.social,available,3.98,55.98,medium,low,10,namecheap,,,17/08/2026 22:56
790789ff-f82f-4741-82b1-2a2343273682,inboard.social,available,3.98,55.98,medium,low,7,namecheap,,,22/08/2026 00:39
55d272c3-14ba-4452-8931-b7dc327fa33a,bangles.social,available,3.98,55.98,medium,low,7,namecheap,,,20/09/2026 19:22
51a1368c-451d-47be-b964-4d55ab438505,bracelets.social,available,3.31,33.32,medium,low,9,spaceship,,,02/10/2026 03:38
1517cae0-6da9-4fb9-b1c3-dcc6cda0ce2a,mum.social,premium,118.8,118.8,high,low,3,namesilo,,,25/09/2026 22:08
1374801f-fa7a-40d1-88f6-5d72fa6f8c4a,janie.social,available,3.31,33.32,high,low,5,spaceship,,,01/10/2026 08:49
5e1551e7-94ea-41c5-b917-ffa2bfe9222b,intoxicating.social,available,9.99,41.49,high,low,12,namesilo,,,01/10/2026 22:34
6cb91de0-1cff-4dd2-be5e-2da71b00e419,kickoff.social,available,3.98,55.98,high,low,7,namecheap,,,01/10/2026 19:02
ac085abd-443f-4c2f-a62c-b6117efa71fb,forging.social,available,9.99,41.49,high,low,7,namesilo,,,30/09/2026 17:22
25fd6ccc-bfbd-4bf1-b942-76dc2f50ea74,haywire.social,available,3.98,55.98,medium,low,7,namecheap,,,
cd42b820-6f05-4647-ba8d-2942f237a2f1,arrogance.social,available,9.99,41.49,high,low,9,namesilo,,,20/09/2026 09:19
7d79a43d-35b5-444d-9765-4f546c24df64,numbly.social,available,3.98,55.98,low,low,6,namecheap,,,15/09/2026 08:39
7fa9d544-117a-4af3-9eb1-e770fa6d782c,ponders.social,available,9.99,41.49,medium,low,7,namesilo,,,18/09/2026 02:06
2574b31f-2dc7-4811-8010-970beb497e49,jaffa.social,available,9.99,41.49,high,low,5,namesilo,,,29/09/2026 13:12
32893ae5-3716-418a-abf8-306158d31873,jordanian.social,available,3.98,55.98,high,low,9,namecheap,,,22/08/2026 14:01
76cfa606-8aa9-4e9f-a89f-333f284113d4,joking.social,available,3.98,55.98,high,low,6,namecheap,,,25/09/2026 11:45
2de62da2-707b-47e3-84cb-2980b8a0bfa3,puckish.social,available,3.98,55.98,medium,low,7,namecheap,,,21/08/2026 22:29
da507f7f-88cc-4586-9932-02d68f5d4d7c,colourful.social,available,3.98,55.98,high,low,9,namecheap,,,12/08/2026 17:51
25e9fa46-e0c4-4552-90b7-86d2417326a2,oakville.social,premium,118.8,118.8,high,low,8,namesilo,,,02/10/2026 10:19
15b4e739-ca47-49e6-949d-4bcffe3bffc1,encased.social,available,3.98,55.98,medium,low,7,namecheap,,,11/08/2026 20:06
11ea613e-c68d-48fa-8d45-e1a18d42765a,rehearsing.social,available,3.31,33.32,high,low,10,spaceship,,,01/10/2026 06:10
530b5736-81bc-407e-858d-0a848edfe2f8,vaporous.social,available,3.98,55.98,medium,low,8,namecheap,,,12/08/2026 14:34
809872a5-f21b-4fdd-b58f-42a9ff9b5085,crates.social,available,9.5,,low,low,6,unstoppable,,,01/10/2026 17:58
6abe874b-6986-4539-818f-d0d0f192d94c,edd.social,available,3.31,33.32,medium,low,3,spaceship,,,02/10/2026 14:50
d0009cab-f90e-4900-a96f-e06953a373ac,pir.social,available,6.62,34.35,medium,low,3,dynadot,,,30/09/2026 12:35
edd77337-4faa-4bf1-be00-ce4941c31299,recounting.social,available,3.98,55.98,high,low,10,namecheap,,,11/09/2026 10:26
9fbd036d-4ec8-4704-a79c-1a3335aa2824,amenable.social,available,9.99,41.49,high,low,8,namesilo,,,22/09/2026 04:02
a1fbb556-7d65-459f-aca3-92030fb697a9,firmament.social,available,3.98,55.98,high,low,9,namecheap,,,16/08/2026 20:58
c775e7fe-dfe1-40d1-91ac-5ea5e9376bfe,wore.social,available,11.99,,medium,low,4,name.com,,,
cd338a8e-6f71-4072-a294-6e666b2657cb,footloose.social,available,3.98,55.98,high,low,9,namecheap,,,18/08/2026 10:46
1eef4e89-86f6-4194-aad6-c7b1b608e52d,symmetry.social,available,9.99,41.49,high,low,8,namesilo,,,30/09/2026 10:14
68ae1699-6f50-4199-9683-c6d30ac88538,restrain.social,available,9.99,41.49,medium,low,8,namesilo,,,30/09/2026 03:00
67e593bf-cada-4fc4-b62c-1f29d5ced607,rusty.social,premium,118.8,118.8,high,low,5,namesilo,,,04/09/2026 18:46
38c5abf5-07a0-405a-bbbd-ea63a1359ac7,gretna.social,available,9.99,41.49,medium,low,6,namesilo,,,03/10/2026 06:10
7353da75-9a26-43e4-aa7b-ef55eb228354,convolve.social,available,3.98,55.98,medium,low,8,namecheap,,,13/08/2026 00:01
fc4772d0-fd00-4109-a53a-1e3827fd2ee4,gaunt.social,available,3.98,55.98,medium,low,5,namecheap,,,10/08/2026 18:54
cfa249d2-2742-4dd0-985e-554de1a24e48,uncial.social,available,3.98,55.98,medium,low,6,namecheap,,,12/09/2026 05:10
5cb284a9-2d6f-4318-92e0-a1300637d045,airpost.social,available,9.99,41.49,high,low,7,namesilo,,,17/09/2026 23:19
005a9591-a146-488d-8d25-ddef6e1e8264,latakia.social,available,9.99,41.49,medium,low,7,namesilo,,,18/09/2026 01:28
1e58dab5-6828-4907-8ab5-38e4b128529b,championships.social,available,3.98,55.98,medium,low,13,namecheap,,,30/09/2026 06:40
f705509e-3bbe-4b02-ae70-6a592cb55ad5,granting.social,available,9.99,41.49,high,low,8,namesilo,,,01/10/2026 22:30
11c01388-562b-4b39-96e9-69670c4a5ac7,headaches.social,available,9.99,41.49,low,low,9,namesilo,,,29/09/2026 06:01
19e8d608-f991-45f6-b739-815123feb41b,blotto.social,available,3.98,55.98,low,low,6,namecheap,,,09/08/2026 15:32
72ef3423-5fc4-4afa-bffe-81b5c86d5aea,advertizer.social,available,9.99,41.49,medium,low,10,namesilo,,,17/09/2026 08:39
6ddada3d-f9b5-4888-9c34-faadbd074c82,monkish.social,available,3.98,55.98,medium,low,7,namecheap,,,25/08/2026 04:53
b6ab3734-b352-43ea-8c7e-1d1169d5b5bc,push.social,resell,,,high,medium,4,UM DOMAINS PTE. LTD,13/02/2026 15:15,13/02/2027 15:15,29/09/2026 12:15
9d894cbd-0de3-44b8-b2bb-3c5d97e1758d,asdic.social,available,9.99,41.49,medium,low,5,namesilo,,,20/09/2026 13:30
e1ead39c-d08f-41ce-949b-2ccaf5866673,xlvi.social,available,3.98,55.98,medium,low,4,namecheap,,,
74dde4d2-f6ef-496a-8864-df4858b96547,severn.social,available,3.31,33.32,medium,low,6,spaceship,,,28/09/2026 15:15
f61bf8d4-4511-4c21-a8a0-ff31a0b78144,disciplined.social,available,6.69,33.47,high,low,11,porkbun,,,29/09/2026 08:42
b957c60c-ec69-4935-935b-705773dd85be,shiner.social,available,9.99,41.49,medium,low,6,namesilo,,,24/09/2026 00:40
8fac6abd-a0d0-41b3-a58b-c4f352af46a2,matured.social,available,3.98,55.98,medium,low,7,namecheap,,,18/08/2026 17:58
644a5c48-a7ac-4b2b-8545-3c4db9741d91,waffle.social,resell,,,high,low,6,,,,02/10/2026 06:39
ef7dbe1a-fc68-4b98-a2a6-80968493c8c7,hawkish.social,available,3.98,55.98,medium,low,7,namecheap,,,21/08/2026 01:38
b31a7baf-406a-42cf-b9ad-2219f60182e1,gainful.social,available,3.98,55.98,medium,low,7,namecheap,,,18/08/2026 19:30
c6b96eeb-1387-415e-a451-d6e8ca6170f7,royalties.social,available,3.98,55.98,medium,low,9,namecheap,,,18/09/2026 03:27
642027d8-849a-4827-bc61-8bd6ba2d66c1,suspects.social,available,9.99,41.49,medium,low,8,namesilo,,,27/09/2026 03:17
d03a34a9-0e44-49f5-ac4d-89c262f90c99,wilted.social,available,3.98,55.98,medium,low,6,namecheap,,,23/08/2026 13:24
7799b5a2-2ef9-44c1-add1-60afaccceda2,handless.social,available,3.98,55.98,medium,low,8,namecheap,,,11/08/2026 10:12
bb4131b7-be87-4584-a43d-80cef91ccf67,arnie.social,available,6.62,34.35,medium,low,5,dynadot,,,02/10/2026 19:57
7b11b305-cdfa-422e-821d-e26e3c937880,doses.social,available,3.31,33.32,medium,low,5,spaceship,,,29/09/2026 17:50
a4e08c45-638a-48a0-8f4d-8bf294e377aa,amateur.social,available,3.31,33.32,high,low,7,spaceship,,,01/10/2026 20:01
81a815f4-5404-45e6-a796-4b122c609544,yob.social,available,3.98,55.98,medium,low,3,namecheap,,,11/08/2026 08:46
b115e978-3183-4175-bf10-c8ad53afc914,extending.social,available,32.2,32.2,medium,low,9,cloudflare,,,29/09/2026 10:43
b8be8dc5-1d0c-45bb-a3fb-eddf0881eddf,lucrative.social,available,9.99,41.49,high,low,9,namesilo,,,25/09/2026 15:34
cc344c36-b082-4ee3-af8c-ae884f3c7c89,travelable.social,available,3.98,55.98,medium,low,10,namecheap,,,11/09/2026 19:05
a32adb97-cba1-41af-8602-062cf9840e95,hits.social,resell,,,high,low,4,"Spaceship, Inc.",19/02/2026 19:42,19/02/2027 19:42,26/09/2026 06:41
2ee7297b-e55c-44ab-8cb6-ed2f704edb97,referring.social,available,3.31,33.32,high,low,9,spaceship,,,28/09/2026 03:35
af0aa125-18c4-43ff-a3d3-ba50a2dc78d4,slantwise.social,available,3.98,55.98,medium,low,9,namecheap,,,16/09/2026 02:22
46d2ab20-f73b-4e37-bf62-ab45ae4aba17,actions.social,available,3.98,55.98,medium,low,7,namecheap,,,
bc813f51-0beb-4fe3-b0d9-7cfbafb73d6f,bellying.social,available,3.98,55.98,low,low,8,namecheap,,,09/08/2026 13:37
3cbdb993-2d87-482d-9fb9-459861c06499,gaming.social,premium,,,high,low,6,,,,29/09/2026 20:33
ca4e78b7-5d3a-401a-a594-28dddf685ab8,cassette.social,available,32.2,32.2,high,low,8,cloudflare,,,29/09/2026 07:37
1d18419c-29d9-499d-89d1-ff2b879ba02a,neutrality.social,available,3.31,33.32,high,low,10,spaceship,,,29/09/2026 15:55
3d1d2535-1850-4d5d-a7fc-46b966e2b7dc,bacillus.social,available,9.99,41.49,medium,low,8,namesilo,,,21/09/2026 11:42
1a2f7070-ef7c-494d-910e-88f9d3e1f5cf,donkey.social,available,3.31,33.32,high,low,6,spaceship,,,29/09/2026 16:28
4cf1cb79-edbe-4f9e-a80d-f4117901a81d,teenaged.social,available,9.99,41.49,medium,low,8,namesilo,,,19/09/2026 04:34
a95ea36e-fd52-4664-9c91-8614301bed24,encampment.social,available,3.98,55.98,medium,low,10,namecheap,,,08/09/2026 09:14
cc7c4898-64d8-45fd-b5b7-3c8333ef17b3,deteriorate.social,available,9.99,41.49,medium,low,11,namesilo,,,01/10/2026 22:25
4bfcfbb8-e75c-48ed-a228-0db8bafa60f6,choral.social,available,3.98,55.98,high,low,6,namecheap,,,12/08/2026 07:03
4658200f-7eb8-4572-b2e6-0cc6e27aa4c3,peril.social,available,6.62,34.35,high,low,5,dynadot,,,30/09/2026 17:11
75be2b18-d855-4020-b598-7a519dd5dd02,achromic.social,available,3.98,55.98,medium,low,8,namecheap,,,
c703dfe7-132e-4497-93ae-692a73575996,interruption.social,available,32.2,32.2,medium,low,12,cloudflare,,,29/09/2026 15:58
3ec96c28-2fd1-45f3-94eb-5164df2d6ba6,burbling.social,available,3.98,55.98,medium,low,8,namecheap,,,11/08/2026 10:10
62c66ba7-0509-4999-88c0-bf74f22659ed,tatty.social,available,3.98,55.98,medium,low,5,namecheap,,,18/08/2026 06:42
a21eb4f0-e3c8-452c-be8b-2a1f8b2275ae,layperson.social,available,3.98,55.98,medium,low,9,namecheap,,,10/09/2026 01:26
e419ec43-341a-4457-8fb9-9f6bb9b53a05,legato.social,available,3.98,55.98,high,low,6,namecheap,,,22/08/2026 22:53
dd747756-9349-4f9a-8651-1e94af47b1e2,louvain.social,available,3.31,33.32,medium,low,7,spaceship,,,30/09/2026 05:07
b5e426d4-fe27-4691-ac92-899e79f85c13,thankless.social,available,3.98,55.98,medium,low,9,namecheap,,,11/09/2026 12:28
f39ef134-51c2-4319-9a2f-c9eba4d97c28,exiled.social,available,6.62,34.35,medium,low,6,dynadot,,,30/09/2026 15:40
13a61006-9e76-4dba-b408-fbfe4dfa8771,scotch.social,available,3.98,55.98,high,low,6,namecheap,,,24/09/2026 21:59
906a20c6-1e32-4a13-9470-1ec7b8f04f82,goonie.social,available,9.99,41.49,medium,low,6,namesilo,,,23/09/2026 23:45
7696c83c-5502-420d-9795-b4a150b18d99,posed.social,available,3.98,55.98,medium,low,5,namecheap,,,09/09/2026 00:04
76d3c77e-b52b-4239-91a0-655e36017f84,commuting.social,available,3.31,33.32,high,low,9,spaceship,,,03/10/2026 00:04
02ae3f2b-a910-40f3-941c-692d50269edc,anoxia.social,available,9.99,41.49,medium,low,6,namesilo,,,19/09/2026 11:58
2e5c6dcf-7730-4421-93bc-bd3af0261942,syd.social,available,6.69,33.47,high,low,3,porkbun,,,30/09/2026 22:00
3a0f34a0-91c3-4120-9136-091c936086d6,manual.social,available,9.99,41.49,high,low,6,namesilo,,,25/09/2026 16:42
0661298b-78b4-44fd-8039-f859bb370d56,cores.social,available,9.5,,medium,low,5,unstoppable,,,01/10/2026 16:54
353ec424-31e8-4435-afee-2f7890dcdd0f,unexpired.social,available,3.98,55.98,medium,low,9,namecheap,,,12/09/2026 09:38
fb74615e-173c-4f62-8bf6-6263623aa8e2,organisations.social,available,9.99,41.49,medium,low,13,namesilo,,,21/09/2026 01:37
bb01cbf2-047d-43de-b94f-041f0d020477,pangolin.social,available,3.98,55.98,medium,low,8,namecheap,,,19/09/2026 12:39
0fc2dc87-4612-4e92-bca5-a39058e9a1f5,treble.social,available,3.98,55.98,high,low,6,namecheap,,,14/08/2026 16:41
5057fbc8-983b-4261-93d2-af1514fcd2b4,aramaic.social,available,3.98,55.98,medium,low,7,namecheap,,,06/08/2026 12:13
4ae77fcb-0469-4c69-a31c-ed507911fd15,nestorian.social,available,3.98,55.98,medium,low,9,namecheap,,,03/09/2026 15:50
88ffb2b0-bd62-4220-8587-e38350b7b676,buckshot.social,available,3.98,55.98,medium,low,8,namecheap,,,23/09/2026 20:24
6e5fae4c-346c-49c2-bcb6-f8e9a238de72,irritable.social,available,9.99,41.49,medium,low,9,namesilo,,,25/09/2026 11:30
862abd21-da4a-4b34-9a72-da272411ac24,californian.social,available,6.69,33.47,high,low,11,porkbun,,,01/10/2026 05:38
f8bf8e5c-8667-43de-8bcd-7412a810e187,joyce.social,premium,118.8,118.8,high,low,5,namesilo,,,27/09/2026 14:23
f9c75d41-557c-49a1-aa45-9001cf60a2ba,edited.social,available,3.98,55.98,high,low,6,namecheap,,,15/08/2026 11:05
5a478b19-a308-4769-ac9a-c08ac078eedc,survey.social,premium,85.8,85.8,high,low,6,namecheap,,,30/09/2026 09:59
c3c46b2d-7eed-447d-8a0c-7ebba731a872,snowstorms.social,available,9.99,41.49,low,low,10,namesilo,,,19/09/2026 21:56
a0f22710-8854-40f5-963f-d216d05f976e,gel.social,available,9.99,41.49,high,low,3,namesilo,,,24/09/2026 16:20
5e14b61c-5ee8-4b2e-8913-76719f892a5e,tastefully.social,available,9.99,41.49,medium,low,10,namesilo,,,16/09/2026 07:59
f43278eb-282a-4ec4-87a2-93a443828de9,county.social,premium,118.8,118.8,high,low,6,namesilo,,,24/09/2026 18:41
35cb47be-f45a-4235-9943-8e319c162b9e,glaucous.social,available,3.98,55.98,medium,low,8,namecheap,,,20/08/2026 14:16
cb4efb23-04eb-496b-baec-9119daf94ceb,parkway.social,available,6.69,33.47,medium,low,7,porkbun,,,30/09/2026 10:48
15f71e82-3a72-435a-b2c8-5732f971c660,macy.social,available,9.99,41.49,medium,low,4,namesilo,,,28/09/2026 22:01
0ab8a2d6-9c6d-4de5-a1ff-f0423f3108d6,rude.social,available,9.99,41.49,high,low,4,namesilo,,,22/09/2026 16:12
24967ed1-4380-4a3c-a0e9-78585d5dee4e,too.social,resell,,,high,low,3,"DNSPod, Inc.",09/08/2024 17:00,09/08/2030 17:00,28/09/2026 12:00
3a6534d9-5bcf-4f8c-a2cc-11450a93d430,overleaf.social,available,3.98,55.98,medium,low,8,namecheap,,,15/09/2026 18:27
3c8b14f2-1bda-4668-bbcb-52ff11bd9198,enhancement.social,available,9.5,,high,low,11,unstoppable,,,30/09/2026 23:26
b311a201-6d03-4067-9df8-2f3d6cdee3bc,indebted.social,available,6.62,34.35,medium,low,8,dynadot,,,01/10/2026 22:45
59b4cf36-ee0b-4bf5-80a7-5f3f8a876dce,poisoned.social,available,9.99,41.49,medium,low,8,namesilo,,,27/09/2026 17:38
095bd18a-3fdd-4885-99ad-e56b8c6827e7,reputed.social,available,32.2,32.2,high,low,7,cloudflare,,,01/10/2026 06:05
b5d5c53f-5298-41fc-bb3a-0dc1074e9a35,endogamous.social,available,3.98,55.98,medium,low,10,namecheap,,,17/08/2026 01:10
395f064d-7c7e-4495-9e52-59e7eb28e220,demonstrate.social,available,9.99,41.49,high,low,11,namesilo,,,28/09/2026 11:13
91892b6a-d946-4721-9c5f-16ead0946b38,outlaw.social,available,9.99,41.49,high,low,6,namesilo,,,24/09/2026 01:45
97e51979-77b7-483e-bff4-5ea5066940ef,valmy.social,available,9.99,41.49,medium,low,5,namesilo,,,22/09/2026 16:13
5ed9badc-3662-402b-85f2-4fa9a338535c,nasal.social,available,3.98,55.98,medium,low,5,namecheap,,,03/09/2026 13:33
76eb2389-b5e3-4c2e-994d-4bc5dad21334,espionage.social,available,9.5,,high,low,9,unstoppable,,,29/09/2026 06:49
0c9cc500-d1fa-4440-830f-14847e9b72a5,bode.social,available,3.98,55.98,medium,low,4,namecheap,,,21/09/2026 03:28
b3deb0fb-4da4-43ff-a48a-7117b51dde26,wbc.social,available,9.99,41.49,high,low,3,namesilo,,,28/09/2026 14:41
6f5bdf40-5940-4e4b-8834-8d558e9ebfea,bahreini.social,available,3.98,55.98,medium,low,8,namecheap,,,08/08/2026 08:41
83cb9e8e-0d15-4195-9b4a-06563d4b0d89,agonist.social,available,3.98,55.98,medium,low,7,namecheap,,,17/09/2026 18:56
dcc7cfa2-661e-4bfc-99a3-2ac7dad67619,raritan.social,available,9.99,41.49,high,low,7,namesilo,,,30/09/2026 04:34
5d2e4b8e-7f1f-4045-9ea1-a2f18325c7d8,counsellor.social,available,3.31,33.32,high,low,10,spaceship,,,29/09/2026 18:29
71d4360f-4d4f-4cd0-b80c-a57302b85ab0,pose.social,available,3.98,55.98,high,low,4,namecheap,,,22/08/2026 21:29
6f833bcb-04c0-4c6d-8ba7-fe976504c368,walks.social,available,9.99,41.49,medium,low,5,namesilo,,,25/09/2026 16:37
54c056ea-49d7-4a4b-8dc5-b1418bb716e8,tearing.social,available,3.98,55.98,medium,low,7,namecheap,,,11/09/2026 09:42
9b430dc3-7d26-4981-b5c3-d76da9d88169,acquisition.social,available,9.5,33.32,high,low,11,unstoppable,,,01/10/2026 03:39
d7050adf-d207-4447-b738-3846d0f19b0c,vermillion.social,available,3.98,55.98,high,low,10,namecheap,,,12/08/2026 05:47
d3fac526-a574-4754-8e57-4aa24ebaeb5b,heywood.social,available,9.5,,medium,low,7,unstoppable,,,29/09/2026 04:25
51090442-ce0c-40c6-a7c1-3393dd083bf5,mutant.social,available,3.98,55.98,high,low,6,namecheap,,,03/09/2026 11:39
c5d860f4-8b09-4e8d-a6a1-f3c5dce359b1,auricula.social,available,3.98,55.98,medium,low,8,namecheap,,,21/09/2026 04:20
03de331a-5644-4672-9fd0-1287411140ed,burning.social,available,9.99,41.49,high,low,7,namesilo,,,23/09/2026 11:45
8fd93d99-58eb-49b8-a7f8-49c7db833797,araucaria.social,available,9.99,41.49,medium,low,9,namesilo,,,20/09/2026 00:23
cd3af544-6add-46d5-899e-bb85c5cedc7b,superfamily.social,available,3.31,33.32,medium,low,11,spaceship,,,29/09/2026 02:59
297f67db-cfe3-4fd9-8180-077cd38890e9,macho.social,available,3.98,55.98,high,low,5,namecheap,,,11/08/2026 11:31
b832ba7f-39d6-4e06-ac6f-dc70a1f38895,despondent.social,available,9.99,41.49,medium,low,10,namesilo,,,24/09/2026 06:51
d7a926f2-999c-4d6b-b154-1741fa4d290c,boleyn.social,available,9.99,41.49,medium,low,6,namesilo,,,19/09/2026 10:12
a3b40862-747a-48e8-ade5-dacae29d542b,slammer.social,available,3.98,55.98,medium,low,7,namecheap,,,08/09/2026 22:49
8f21f377-dde4-4860-9e39-fc8ebc8a01a6,jiangxi.social,available,3.31,33.32,medium,low,7,spaceship,,,01/10/2026 09:43
4653324c-a2e1-405e-a454-7e1bc2d6b617,nkvd.social,available,3.31,33.32,medium,low,4,spaceship,,,30/09/2026 04:47
77c2f465-626d-493c-bd62-020a82d464ad,afc.social,resell,,,high,low,3,,,,28/09/2026 16:17
31f8f203-9435-4f3b-a678-54897062b86c,brash.social,available,3.98,55.98,medium,low,5,namecheap,,,11/08/2026 02:25
984efbf9-bbfa-4d62-9788-96338169b84d,belisarius.social,available,9.99,41.49,medium,low,10,namesilo,,,23/09/2026 05:17
2f77c313-2deb-48f8-b57f-07b15e14c097,harm.social,available,3.98,55.98,high,low,4,namecheap,,,08/09/2026 07:44
43a65015-5b42-44e0-8b4a-fa085f449481,shedding.social,available,9.99,41.49,high,low,8,namesilo,,,01/10/2026 01:44
3db1c040-43c5-4c25-8ec5-71dc3c082d82,breadfruit.social,available,9.99,41.49,high,low,10,namesilo,,,20/09/2026 11:57
6b8ad4a7-a139-438d-b1b3-604e3a3d5277,comfortably.social,available,32.2,32.2,high,low,11,cloudflare,,,01/10/2026 18:17
d17a7261-2f27-4dc4-85e0-27a98aea8f9e,weston.social,available,9.99,41.49,high,low,6,namesilo,,,25/09/2026 05:16
71a1d6ba-1acd-4e2e-b6e7-cac4f5e291f1,belike.social,available,3.98,55.98,medium,low,7,namecheap,,,04/09/2026 04:45
45c6d90a-47e4-461b-a2c1-445cda878d99,inverted.social,available,3.98,55.98,medium,low,8,namecheap,,,
4920dfd8-31ee-45cb-8d0f-01deab5e42b6,wheedle.social,available,9.99,41.49,medium,low,7,namesilo,,,24/09/2026 04:07
f766dab5-9775-4bc2-864b-0b2e400ab1b7,alexia.social,available,3.98,55.98,medium,low,6,namecheap,,,18/09/2026 06:04
d5d12048-d429-422d-ba52-e5ad5ea09a6d,freedoms.social,available,9.5,,medium,low,8,unstoppable,,,30/09/2026 16:22
8558c097-8711-4ede-beeb-050a74df2004,tinea.social,available,9.99,41.49,medium,low,5,namesilo,,,02/10/2026 15:29
760e46d4-939f-4a56-b4c3-9877af2fdfc2,dallas.social,premium,1040,1040,high,low,6,namecheap,,,25/09/2026 04:35
b82bde1b-6d6c-4321-97f6-11e638d03949,farmland.social,available,3.98,55.98,high,low,8,namecheap,,,01/10/2026 01:39
4f5d9c51-c66f-4efa-9844-ce16996cd3c3,hate.social,resell,,,high,low,4,"Sav.com, LLC - 43",16/08/2025 15:15,16/08/2027 15:15,29/09/2026 22:17
3bbaeef0-f039-4ad8-9fcb-478fba1b3615,hypaethral.social,available,3.98,55.98,medium,low,10,namecheap,,,21/08/2026 16:39
8ee474d3-3d5f-47c0-9f42-75a8ff991f0a,malian.social,available,3.98,55.98,high,low,6,namecheap,,,24/08/2026 14:00
bfeb8342-1ac0-4ed5-81e9-af9711581d66,theropod.social,available,3.98,55.98,medium,low,8,namecheap,,,23/09/2026 19:39
48408a31-86b0-4a41-bdd0-e94a8d46b892,boer.social,available,3.98,55.98,medium,low,4,namecheap,,,
de33c01e-c002-4415-a589-c4e391b35c99,binturong.social,available,9.99,41.49,medium,low,9,namesilo,,,20/09/2026 02:47
12d801cc-95ff-4c98-a072-c18e01cf5c10,nakedly.social,available,3.98,55.98,medium,low,7,namecheap,,,15/09/2026 16:02
f5de16c6-ebc2-4267-90ef-febe2feb078d,gowns.social,available,9.5,,low,low,5,unstoppable,,,01/10/2026 18:12
19eb6c9f-3242-4b99-b501-84e3576af518,cooperated.social,available,9.5,,medium,low,10,unstoppable,,,02/10/2026 03:43
427f7496-8ce1-44bd-b262-23d38aac5783,ninepenny.social,available,3.98,55.98,low,low,9,namecheap,,,03/09/2026 17:37
f4342397-bf29-42d5-bd59-5f00dacf817f,effingham.social,available,3.31,33.32,medium,low,9,spaceship,,,02/10/2026 10:14
9c70126d-4bbc-4b9b-9a9f-7c7a0adccd56,pocatello.social,available,3.31,33.32,medium,low,9,spaceship,,,03/10/2026 01:48
4298348a-7ded-42f9-9458-437860336238,nin.social,available,3.31,33.32,high,low,3,spaceship,,,01/10/2026 22:17
9bcd9a3c-d8a3-402c-b1c6-7fab03015480,cotton.social,available,32.2,32.2,high,low,6,cloudflare,,,29/09/2026 11:45
8fdf4652-c440-46fa-bc08-1d5d991646ae,bittie.social,available,3.98,55.98,medium,low,6,namecheap,,,10/08/2026 07:56
ff9e4f4b-a631-4b23-93e5-31441cb76ed3,bands.social,premium,118.8,118.8,high,low,5,namesilo,,,16/09/2026 12:26
16734376-3db9-4975-9d9a-d85f9ac2e576,curves.social,available,11.99,,medium,low,6,name.com,,,
6f550b95-d0a9-42fb-a90b-c2cbd91a02e9,undermine.social,available,9.5,,medium,low,9,unstoppable,,,29/09/2026 06:16
d3ebe1db-d9b1-4992-8469-b29d6367d905,beadle.social,available,3.98,55.98,medium,low,6,namecheap,,,22/09/2026 19:31
cf0f05ed-ddaf-4a07-b0a2-424613173cd5,sultan.social,available,32.2,32.2,high,low,6,cloudflare,,,29/09/2026 12:57
56a44cd3-44fb-4095-a2a4-18991ca7e262,prepare.social,available,9.99,41.49,high,low,7,namesilo,,,27/09/2026 10:25
59b771d1-247f-4d88-8c76-016b228528f3,discontinuous.social,available,9.5,,low,low,13,unstoppable,,,30/09/2026 06:03
d2b624a4-edc3-4f95-9d5d-aa943836dd07,robustness.social,available,3.31,33.32,high,low,10,spaceship,,,29/09/2026 19:07
c803f31d-8aa3-48f2-acce-72b814ddc825,mutinous.social,available,3.98,55.98,medium,low,8,namecheap,,,03/09/2026 11:55
bd0d9690-48bd-4463-8a96-2798c871e09d,checkup.social,available,3.98,55.98,high,low,7,namecheap,,,24/08/2026 18:57
c35a00e7-2db5-45e3-b87a-c65a5409c3a6,greenness.social,available,3.98,55.98,high,low,9,namecheap,,,20/08/2026 19:45
b8cba0ee-3b66-40f8-a5db-c6b1470173bf,airlike.social,available,3.98,55.98,medium,low,7,namecheap,,,
45af64b4-497b-42a7-9232-8bbfa1654833,aesthete.social,available,3.98,55.98,medium,low,8,namecheap,,,17/09/2026 13:35
fcd8e05e-fd78-4105-a0f0-b4a54de35367,functioning.social,available,3.31,33.32,medium,low,11,spaceship,,,28/09/2026 21:19
b77d1aab-473a-406f-ae10-c1cd534605bb,experiments.social,premium,78.54,78.54,medium,low,11,namesilo,,,28/09/2026 04:57
e7be598c-ce20-4282-9ea2-b4ae9a106491,knuckle.social,available,9.99,41.49,high,low,7,namesilo,,,02/10/2026 05:33
316d5ef5-6cb9-49fb-9f20-3a0f5113bec2,cottony.social,available,3.98,55.98,medium,low,7,namecheap,,,13/08/2026 03:26
9ddaf3e4-7110-48c2-930d-754d4bfb9555,manufactured.social,available,32.2,32.2,high,low,12,cloudflare,,,29/09/2026 08:36
4c0f1357-eb6b-43ea-8cca-2569d90cb2d1,airliner.social,available,9.99,41.49,high,low,8,namesilo,,,17/09/2026 23:14
7f57656d-9ae5-44f0-a0c3-4a875dad978f,rubus.social,available,9.99,41.49,medium,low,5,namesilo,,,02/10/2026 05:02
84aec729-3d2f-42df-9108-104cbe40e15a,princess.social,resell,,,high,low,8,"GoDaddy.com, LLC",08/03/2025 19:52,08/03/2027 19:52,30/09/2026 07:25
ebe27ea9-fe00-48b0-b7a3-cf07f55fcc24,identifiable.social,available,9.5,,high,low,12,unstoppable,,,01/10/2026 22:54
d28a618f-3a0e-43fc-bd76-3b3cb78bdc75,ballistic.social,available,3.98,55.98,medium,low,9,namecheap,,,08/08/2026 10:31
fd666fd3-c5cc-48b2-8eca-0495c7739dbd,unfounded.social,available,3.98,55.98,medium,low,9,namecheap,,,08/08/2026 21:57
1f39c900-5d82-4311-9cb3-9066d6bd135b,ltte.social,available,6.62,34.35,medium,low,4,dynadot,,,01/10/2026 20:19
ef939d0b-b143-4f45-9d44-5b250a07d2d8,cellphone.social,available,9.99,41.49,high,low,9,namesilo,,,24/09/2026 13:27
a75bb58d-6541-4935-b3bf-afcc39bf61e9,quintet.social,available,3.98,55.98,high,low,7,namecheap,,,
96ea93c3-2bda-4509-be42-5bc461781ccd,acoustical.social,available,3.98,55.98,medium,low,10,namecheap,,,
3390287e-78af-4dc0-a477-6913d2759214,slashing.social,available,3.98,55.98,medium,low,8,namecheap,,,10/09/2026 10:08
16340a5e-b37b-4f94-90ab-ddb7915b3410,acquaintance.social,available,9.99,41.49,high,low,12,namesilo,,,28/09/2026 08:20
1efb01ed-d698-450c-8b77-da66f9ed57e9,polypropylene.social,available,9.99,41.49,medium,low,13,namesilo,,,30/09/2026 23:16
3015dfec-895a-4c01-bd27-d960692da496,gyroplane.social,available,9.99,41.49,medium,low,9,namesilo,,,21/09/2026 06:27
75ed7a42-49b4-467e-af08-f586cc00f61d,granth.social,available,9.99,41.49,medium,low,6,namesilo,,,17/09/2026 08:05
3d06901d-529b-4358-8002-2f4cca4e4cfa,recycled.social,available,11.99,,high,low,8,name.com,,,
770b245b-ee28-4f2c-9bf2-7fa47fc9fae7,japanese.social,premium,118.8,118.8,high,low,8,namesilo,,,22/08/2026 12:22
56c1bf9c-a217-439a-9002-00a3e5077076,quaternion.social,available,3.98,55.98,medium,low,10,namecheap,,,
aaa4b0dd-e1b5-4d42-b6ec-188e533d3f54,suspended.social,available,3.98,55.98,medium,low,9,namecheap,,,11/09/2026 04:55
6b856278-8e06-4b49-8196-88cf0c20e62f,prague.social,premium,68.51,68.51,medium,low,6,spaceship,,,29/09/2026 00:35
c972beb7-8f95-435a-b5cd-0e4e0fcd8503,brattleboro.social,available,32.2,32.2,high,low,11,cloudflare,,,02/10/2026 19:07
02ddce37-b9c2-499c-a34f-098bef9b7fb1,alexis.social,premium,128.7,128.7,high,low,6,namecheap,,,19/09/2026 02:23
8baaef57-8b6d-4da5-9949-35c7cc765bcc,takahashi.social,available,6.62,34.35,medium,low,9,dynadot,,,28/09/2026 16:36
9e3e8ddf-81af-4713-a30c-0098b39b501f,graves.social,premium,118.8,118.8,high,low,6,namesilo,,,28/09/2026 05:52
cd750a21-8584-4585-8cfd-bde63d41d61f,hopkins.social,premium,78.54,78.54,high,low,7,namesilo,,,19/09/2026 13:42
8d62319e-9c7b-4c50-aac2-3cc5b925d28f,associates.social,available,9.99,41.49,medium,low,10,namesilo,,,28/09/2026 08:50
990dde8b-751c-4e06-981b-467ede8f7dd1,sibelius.social,available,6.62,34.35,high,low,8,dynadot,,,02/10/2026 05:29
48b870da-273b-4939-84e2-64d0437684c2,blackcock.social,available,3.98,55.98,medium,low,9,namecheap,,,24/09/2026 00:30
c4c27c12-107f-4f67-8692-f9fe08990ff3,deceive.social,available,3.31,33.32,high,low,7,spaceship,,,29/09/2026 20:40
485fc8e6-0e92-45cf-a391-fb289b694fad,packsack.social,available,11.99,50.99,medium,low,8,name.com,,,21/09/2026 14:40
04185567-6d5a-4652-b68f-6453244468e0,shamed.social,available,3.98,55.98,medium,low,6,namecheap,,,14/08/2026 10:25
bf264dd6-fd20-442f-8e34-f903469342b1,entranced.social,available,3.98,55.98,medium,low,9,namecheap,,,09/08/2026 10:11
86aa83b3-0464-4294-a33a-1963f2511898,audit.social,resell,,,high,low,5,"Sav.com, LLC - 45",05/05/2026 15:15,05/05/2027 15:15,26/09/2026 04:08
f93baa9c-6ac2-4365-bbe9-77fbcefe52b7,proclaimed.social,available,9.99,41.49,medium,low,10,namesilo,,,22/09/2026 05:13
3b90ee28-fc27-492e-af56-904729391ac7,guessed.social,available,32.2,32.2,low,low,7,cloudflare,,,29/09/2026 11:03
7c61b6be-bd07-4875-acc0-7a3e61b21944,dyed.social,available,3.98,55.98,high,low,4,namecheap,,,14/08/2026 21:54
e33dd326-e079-4602-b271-ec5fe095dc2e,chaser.social,available,3.31,33.32,high,low,6,spaceship,,,02/10/2026 23:58
3cc46bcd-6635-44b3-aeb4-ee1127fea4c9,flippant.social,available,3.98,55.98,medium,low,8,namecheap,,,18/08/2026 08:32
5b89821c-40c3-4689-a79c-993c3a0f2b47,blankly.social,available,3.98,55.98,medium,low,7,namecheap,,,14/09/2026 00:13
257afb61-61ad-4868-a2f1-4ee49506af93,bagnio.social,available,3.98,55.98,medium,low,6,namecheap,,,21/09/2026 18:19
6ffb748a-d909-42b9-89cc-7b69b878afc2,scapegrace.social,available,9.99,41.49,medium,low,10,namesilo,,,24/09/2026 01:41
ce40ee19-aa44-4d33-98fb-96365691728e,akan.social,available,9.99,41.49,high,low,4,namesilo,,,17/09/2026 23:50
d0558804-76f3-4e74-bf7f-ed325cdf0721,deteriorating.social,available,32.2,32.2,medium,low,13,cloudflare,,,29/09/2026 20:55
f8b4fa90-3735-44bf-a38f-cf8e235db681,calgary.social,premium,78.54,78.54,high,low,7,namesilo,,,24/09/2026 11:43
c4b5406d-90ae-4189-99c6-3a1aa8561eb9,anosmic.social,available,3.98,55.98,medium,low,7,namecheap,,,
57602a1c-0325-45f0-82e5-ca730c79c83e,anaphase.social,available,9.99,41.49,medium,low,8,namesilo,,,19/09/2026 02:09
1a9afe10-fc7b-4264-955d-9dd5a9686024,converges.social,available,32.2,32.2,medium,low,9,cloudflare,,,29/09/2026 11:40
db91b09a-7ede-4119-aed0-4a030a02fc68,melodious.social,available,3.98,55.98,high,low,9,namecheap,,,24/08/2026 19:38
3cdc42b4-21ab-473f-924e-da94186a8a54,caesar.social,available,9.99,41.49,high,low,6,namesilo,,,27/09/2026 03:27
0516265a-00c8-4538-98fe-ab0f11bad9d3,csi.social,available,9.99,41.49,high,low,3,namesilo,,,01/10/2026 22:38
73042a4f-d314-4447-a056-b775ff44404a,crisscross.social,available,3.98,55.98,high,low,10,namecheap,,,13/08/2026 07:25
c1e3fb47-c8a3-4d08-84d8-e7b23a0db3c2,arad.social,available,32.2,32.2,medium,low,4,cloudflare,,,01/10/2026 23:00
83c13f1b-2023-4f31-a9ea-864a8d163f27,stalin.social,available,3.98,55.98,medium,low,6,namecheap,,,29/09/2026 13:10
f5cecb37-6d34-4e73-898a-06218722911e,sinners.social,available,9.5,,medium,low,7,unstoppable,,,02/10/2026 21:46
c5f79ef7-0848-4720-a8e3-e4b49f3a434a,maximilian.social,available,9.99,41.49,medium,low,10,namesilo,,,27/09/2026 07:16
4a2d3e69-48c9-4c4d-bea1-8f096f6328b1,dicey.social,available,3.98,55.98,medium,low,5,namecheap,,,12/08/2026 01:44
208f669d-45a4-4efa-87eb-5034d7d06bea,vegetal.social,available,3.98,55.98,medium,low,7,namecheap,,,13/09/2026 01:42
02b3d739-1612-4f97-93ac-a3f1d4b0e9f8,narrows.social,available,32.2,32.2,medium,low,7,cloudflare,,,30/09/2026 21:54
9e55a905-ded9-4d5c-a336-23aa83859cc1,peloponnese.social,available,9.5,,medium,low,11,unstoppable,,,02/10/2026 19:16
5185cd39-57ff-415c-b2b0-e0c1d2c74486,altering.social,available,9.99,41.49,high,low,8,namesilo,,,18/09/2026 14:47
824c2aea-b6b1-48e6-a439-5b634c331790,susanna.social,available,3.31,33.32,high,low,7,spaceship,,,28/09/2026 01:02
8926416c-ddf0-468a-836c-da1c3e731d77,nausea.social,available,3.31,33.32,medium,low,6,spaceship,,,29/09/2026 13:32
7cbe08b4-3df4-49d2-b908-777050fddbf1,skating.social,premium,,,high,low,7,,,,28/09/2026 03:06
382d90ba-2461-432a-b9c8-4ae874cf4cd0,judaism.social,available,9.5,,high,low,7,unstoppable,,,01/10/2026 02:27
21ce0513-38bd-4760-b9c0-8e005e329676,planes.social,available,3.98,55.98,high,low,6,namecheap,,,17/09/2026 03:50
28ad8a25-4cd8-4965-8af2-360d28410db5,cultivated.social,available,3.98,55.98,high,low,10,namecheap,,,13/08/2026 10:14
adb607cf-72be-41af-8ac2-5a5584a03576,athanor.social,available,3.98,55.98,medium,low,7,namecheap,,,20/09/2026 20:28
b94ebd63-d945-4719-89c0-3caa35e9bf3b,nitpicking.social,available,3.98,55.98,medium,low,10,namecheap,,,19/09/2026 01:08
9dc71654-e210-4ed6-8562-8c88f2d6fd9b,unlike.social,available,9.99,41.49,high,low,6,namesilo,,,28/09/2026 09:47
13225cf5-6b93-473c-ae78-418f9255ba45,owes.social,available,6.69,33.47,medium,low,4,porkbun,,,28/09/2026 05:04
cffc021d-5c3f-41f8-9cb9-09d143be60ed,supremacy.social,available,32.2,32.2,high,low,9,cloudflare,,,30/09/2026 11:08
bb71e69f-c610-42f8-8cd5-0cfb3e55eb14,unwavering.social,available,3.98,55.98,high,low,10,namecheap,,,18/08/2026 05:12
2a7db7b0-f89d-4030-a174-0624b2fb13c9,scanned.social,available,3.31,33.32,high,low,7,spaceship,,,30/09/2026 20:03
a2db7f38-8fd2-4b2a-9343-916741e92be8,tersely.social,available,9.99,41.49,medium,low,7,namesilo,,,16/09/2026 08:13
549c1d81-17b0-4d1c-8405-3ad22e5f9f7f,petersburg.social,available,32.2,32.2,medium,low,10,cloudflare,,,29/09/2026 07:52
cb8944ea-a811-40b8-9e79-d740938abb5b,cresson.social,available,3.98,55.98,medium,low,7,namecheap,,,13/08/2026 06:16
9978b099-e57e-4c7f-b6a6-e51d9e8ae263,almandine.social,available,3.98,55.98,medium,low,9,namecheap,,,18/09/2026 12:29
3768cf92-f5e4-4c53-a3f6-2087ef582958,blushing.social,available,6.69,33.47,high,low,8,porkbun,,,02/10/2026 07:03
0c6d38e6-66e2-42a8-8db9-c764a79b4e24,stinging.social,available,11.99,50.99,medium,low,8,name.com,,,13/08/2026 13:17
580bf1d0-2ac8-4417-a2d6-05198432a4c4,expiration.social,available,32.2,32.2,high,low,10,cloudflare,,,29/09/2026 18:05
4892713f-76ad-43d6-bd7a-542938c30ecf,suppose.social,available,9.99,41.49,high,low,7,namesilo,,,29/09/2026 11:02
59262cbc-d91b-47ac-a1aa-c4d5636ac16c,elderberry.social,available,9.99,41.49,medium,low,10,namesilo,,,24/09/2026 00:39
ed77c727-42c5-4469-ad55-def249639433,chamomile.social,available,9.99,41.49,high,low,9,namesilo,,,19/09/2026 13:01
2a845773-f506-40be-8621-76d65f9d87b1,attachable.social,available,3.98,55.98,high,low,10,namecheap,,,07/08/2026 15:36
c1b07d2d-d101-41ad-b3c3-a471da9b4bee,retrieve.social,available,9.5,,high,low,8,unstoppable,,,30/09/2026 09:11
88f5111f-5c12-475f-bb22-c88b7999b188,fortunate.social,available,3.98,55.98,high,low,9,namecheap,,,18/08/2026 12:47
310e0002-5735-403f-8f56-562502babdae,fell.social,available,3.98,55.98,medium,low,4,namecheap,,,08/08/2026 15:49
7b8c56b0-0510-41e4-b97f-0b2f8396c3c3,identifying.social,available,9.5,,high,low,11,unstoppable,,,29/09/2026 08:55
bc9272d9-ac34-4cb0-85bc-c4307552f0cc,oakdale.social,available,3.31,33.32,high,low,7,spaceship,,,02/10/2026 10:50
a97b786d-d81c-4c00-b77c-cb91b78b22f7,charleroi.social,available,9.99,41.49,medium,low,9,namesilo,,,02/10/2026 04:19
d94750ab-cfb9-485d-b870-f39a92026a74,xia.social,available,9.99,41.49,medium,low,3,namesilo,,,29/09/2026 22:40
682b7fd7-c363-4b89-b65b-0f2c4e8b1fcf,erase.social,available,32.2,32.2,high,low,5,cloudflare,,,30/09/2026 19:12
ab288087-353b-49fd-a6d4-ba6d4e4e8072,downstairs.social,available,3.98,55.98,high,low,10,namecheap,,,14/08/2026 17:55
6a3b9393-57ab-434b-8414-1f0d955a72f8,impatient.social,available,3.98,55.98,medium,low,9,namecheap,,,21/08/2026 21:53
ada90f21-13c6-4b4c-b56a-042d5fa5ba53,brie.social,available,9.5,,medium,low,4,unstoppable,,,29/09/2026 04:09
76f194a8-ae4b-4c69-865b-9cbda123b045,heliac.social,available,3.98,55.98,medium,low,6,namecheap,,,21/08/2026 06:28
9f909367-697d-4c9b-a8b1-06b556a78f22,untrusty.social,available,3.98,55.98,medium,low,8,namecheap,,,12/09/2026 21:46
8481c1cc-4037-4bec-a7ca-e639201f56cc,inhibition.social,available,9.99,41.49,high,low,10,namesilo,,,01/10/2026 02:41
6e95aaae-ef89-4bac-baa0-12020c388782,emir.social,available,11.99,50.99,high,low,4,name.com,,,18/09/2026 17:55
ef11a300-22f0-4b67-82f2-e87c0a1b13a0,punch.social,resell,,,high,low,5,"Sav.com, LLC - 28",30/04/2026 15:15,30/04/2027 15:15,27/09/2026 03:37
9a01cc54-7082-468c-8f66-fc2bf579ef8d,slack.social,resell,,,high,low,5,"Xiamen ChinaSource Internet Service Co., Ltd",26/02/2024 17:00,26/02/2027 17:00,26/09/2026 09:04
1649f44e-ab7c-4407-9cbd-17622315c3d7,diaphragm.social,available,32.2,32.2,high,low,9,cloudflare,,,30/09/2026 09:15
617fd713-6682-4e77-a537-b31f86a16f2d,hedonic.social,available,3.98,55.98,medium,low,7,namecheap,,,21/08/2026 05:52
e55d5365-6b5b-494d-861b-6b4a10d109dd,weill.social,available,9.99,41.49,high,low,5,namesilo,,,30/09/2026 10:21
8ea88354-c096-47b0-a788-a21d697b7e88,themselves.social,available,9.99,41.49,medium,low,10,namesilo,,,25/09/2026 16:52
90451849-e4fe-47da-bcba-06bec6f75614,sleeved.social,available,3.98,55.98,medium,low,7,namecheap,,,10/09/2026 10:43
c6806391-0374-4253-944e-f25752b4e325,connaught.social,available,32.2,32.2,medium,low,9,cloudflare,,,30/09/2026 21:44
11814dc4-5633-47f0-a37a-111a6b8305c8,barrelfish.social,available,9.99,41.49,medium,low,10,namesilo,,,22/09/2026 08:20
c24eb764-d8a3-492e-9a69-bbca5956e886,deirdre.social,available,3.31,33.32,medium,low,7,spaceship,,,30/09/2026 20:53
d6e830e8-e8ca-42f3-8a9a-aa3be4ba3e70,refueling.social,available,9.99,41.49,high,low,9,namesilo,,,01/10/2026 19:40
244a5068-1738-46ed-9e43-c10cd09fcef1,irate.social,available,3.98,55.98,medium,low,5,namecheap,,,22/08/2026 09:44
3e815e7f-888d-4589-b9e9-685fad708d0d,zoologist.social,available,3.98,55.98,medium,low,9,namecheap,,,19/09/2026 08:43
41626b76-12bf-46bc-a865-555bbe6e3404,mottled.social,available,11.99,50.99,medium,low,7,name.com,,,13/08/2026 17:41
d9e72004-e6f9-4696-b898-bc60e6cbbe59,spherical.social,available,3.98,55.98,high,low,9,namecheap,,,08/08/2026 10:21
2b185c63-2c7d-4bca-8caa-47da27633b39,unabridged.social,available,3.98,55.98,medium,low,10,namecheap,,,11/09/2026 23:28
4248367e-9685-4232-9186-cfcee236627b,pasture.social,available,9.99,41.49,high,low,7,namesilo,,,29/09/2026 00:44
c74b4834-7848-4a8f-8716-aec3e4923dae,feckless.social,available,3.98,55.98,medium,low,8,namecheap,,,18/08/2026 00:31
9a98913d-3455-4b83-8f28-2ce61a14ba7b,hickory.social,available,6.62,34.35,high,low,7,dynadot,,,30/09/2026 17:36
192df5ce-16d9-4240-91fd-efcb8468736c,kidneys.social,available,9.5,,low,low,7,unstoppable,,,29/09/2026 05:38
a9597880-2b9a-4c78-a973-d3758c362bee,docking.social,available,32.2,32.2,high,low,7,cloudflare,,,29/09/2026 06:41
f2d504ff-be9c-4586-98d5-38757c74bf5b,penciled.social,available,3.98,55.98,medium,low,8,namecheap,,,08/09/2026 13:55
8b9d5a59-8b32-44b1-b2a1-ea0101b34348,sicily.social,available,32.2,32.2,medium,low,6,cloudflare,,,28/09/2026 20:27
9d40c096-466f-430b-b440-adf7afe81cd9,prink.social,available,3.98,55.98,medium,low,5,namecheap,,,21/09/2026 02:05
03f31c7c-bffc-4038-bee8-fcf4bfc4c1f7,colleague.social,available,9.99,41.49,high,low,9,namesilo,,,24/09/2026 16:08
7037cf92-4044-4985-9f92-8a517dc0aaed,jungian.social,available,3.98,55.98,medium,low,7,namecheap,,,22/08/2026 14:24
af112c5e-fb17-4bcb-841f-1036ace3168b,thawing.social,available,3.98,55.98,medium,low,7,namecheap,,,24/08/2026 19:47
8515b20d-e1d1-4e07-b64e-f52cad461be1,edacious.social,available,3.98,55.98,medium,low,8,namecheap,,,15/08/2026 05:24
3d1560df-3d4b-4d22-8ba4-ad3e5d9d45ee,crowns.social,available,9.99,41.49,medium,low,6,namesilo,,,18/09/2026 06:26
1205c61c-b2f0-481a-a030-b1507efc7a93,capitate.social,available,3.98,55.98,medium,low,8,namecheap,,,11/08/2026 17:57
9cc86dcb-509a-4fba-95cb-f64f6ecca779,pesos.social,available,3.31,33.32,medium,low,5,spaceship,,,30/09/2026 06:56
1b272675-0390-43ec-b106-3df01e037c80,french.social,premium,118.8,118.8,high,low,6,namesilo,,,24/09/2026 21:41
12e8a105-ccba-4fac-88d5-d1cf69d63744,coimbra.social,premium,99.5,,medium,low,7,unstoppable,,,30/09/2026 21:37
7f452de6-8511-4c61-8ba7-7607db68879f,homey.social,available,3.98,55.98,high,low,5,namecheap,,,21/08/2026 11:06
7fd7b024-dd0b-4afe-8e7d-df08d3dba159,roughneck.social,available,3.98,55.98,medium,low,9,namecheap,,,11/08/2026 08:43
302fa43a-76d4-46b4-b537-397bbf02545f,textual.social,available,3.98,55.98,high,low,7,namecheap,,,11/09/2026 12:20
dd50d316-e307-424a-8eea-9cce416a8dbc,arsonist.social,available,3.98,55.98,medium,low,8,namecheap,,,22/08/2026 00:55
f5a78d3a-0071-4642-9e00-1f7b86d30c03,chez.social,available,32.2,32.2,medium,low,4,cloudflare,,,02/10/2026 17:29
01dbd9c1-0fb1-4a3c-bf20-37ec472605c8,backfire.social,available,9.99,41.49,high,low,8,namesilo,,,21/09/2026 15:28
e9d403bb-3954-4eaf-9a92-5a3d9b475ba0,belted.social,available,3.98,55.98,medium,low,6,namecheap,,,09/08/2026 14:02
2cdc3c4d-b541-4276-a452-f5b59dbfab46,sets.social,available,9.5,,high,low,4,unstoppable,,,02/10/2026 19:51
c6a33064-2b11-4352-afaa-992852be46c6,hurry.social,available,9.99,41.49,high,low,5,namesilo,,,27/09/2026 17:14
257cdbaf-a019-4020-8c47-219a9381ebde,beda.social,available,9.99,41.49,high,low,4,namesilo,,,21/09/2026 17:20
c3901792-a63c-4d6b-a577-76957ffb8269,lark.social,resell,,,high,low,4,,,,30/09/2026 09:46
3232ce5d-bf37-4b63-87ec-d810ca2f35a3,rendered.social,available,3.98,55.98,medium,low,8,namecheap,,,29/09/2026 05:08
24429ff7-683d-444f-bcc8-6bc7be873a73,perfidious.social,available,3.98,55.98,medium,low,10,namecheap,,,08/09/2026 16:31
dbe617dc-ec77-44bd-9658-160af10ff499,tortrix.social,available,9.99,41.49,medium,low,7,namesilo,,,20/09/2026 05:04
4928a5af-8024-4572-a651-09a1a3096d9d,dendroid.social,available,3.98,55.98,medium,low,8,namecheap,,,06/08/2026 13:50
1718fb2b-67f1-4767-beea-a1bc6dd1815e,commentator.social,available,9.99,41.49,high,low,11,namesilo,,,29/09/2026 08:48
2eabc1bb-4921-4d94-b0ab-eaabcce8d20a,idyl.social,available,3.98,55.98,high,low,4,namecheap,,,08/09/2026 10:13
33ea18d3-c7ab-4307-a0b7-5cbf01a8edbd,cursorial.social,available,3.98,55.98,medium,low,9,namecheap,,,13/08/2026 11:40
4f09f31d-3d50-4a94-bff6-518670e182b8,schiller.social,available,3.31,33.32,high,low,8,spaceship,,,02/10/2026 05:31
9fc6d49b-1fa2-482b-a5c4-c8d62813a8d4,lambent.social,available,3.98,55.98,medium,low,7,namecheap,,,
04f7fbfe-dca0-4160-9c14-42793f82c2eb,militaire.social,available,9.99,41.49,medium,low,9,namesilo,,,03/10/2026 03:27
b669572c-7c50-46bd-a0d1-23ff3d369b9c,nazis.social,available,9.99,41.49,low,low,5,namesilo,,,28/09/2026 09:00
549e18e6-51ba-4a3f-9d24-d71380bf2048,britt.social,available,3.31,33.32,medium,low,5,spaceship,,,02/10/2026 23:43
bab60bff-fbbc-4785-8f62-75059b7198cf,unsilenced.social,available,3.98,55.98,medium,low,10,namecheap,,,12/09/2026 19:56
ae991a6f-238f-4268-9381-2b00291c2acf,rankin.social,available,9.99,41.49,high,low,6,namesilo,,,27/09/2026 04:34
580659d3-95ae-4a1c-be2e-c5fdef0e3370,intended.social,available,3.98,55.98,high,low,8,namecheap,,,25/09/2026 09:53
8177a46d-dd8f-45dc-8dcc-233bebbec72f,moms.social,premium,99.5,,high,low,4,unstoppable,,,01/10/2026 18:00
3dea6e59-71bd-4493-b265-f8d9dfd628a4,stiles.social,available,9.99,41.49,medium,low,6,namesilo,,,30/09/2026 13:36
2c46dc71-0edb-4353-a766-c1de92286c76,thoroughbred.social,available,9.99,41.49,high,low,12,namesilo,,,01/10/2026 05:36
2fcabe32-a6f7-48c4-bda4-9a80f4a9175c,nightmares.social,available,3.31,33.32,low,low,10,spaceship,,,29/09/2026 00:01
051023de-9692-4460-9e09-3dad39935dc6,mercantile.social,available,3.98,55.98,medium,low,10,namecheap,,,24/08/2026 20:23
05bc5a7e-72da-4f4d-a412-c7ca19a614e8,acronymous.social,available,3.98,55.98,medium,low,10,namecheap,,,
9ef81d7a-c673-406f-93ff-bb043db48896,bowel.social,available,3.31,33.32,medium,low,5,spaceship,,,29/09/2026 06:08
70b29457-2b84-4720-acd1-007088203cb2,exclamation.social,available,11.99,,high,low,11,name.com,,,
27e23049-c722-424e-9e8b-8c7d5050ab00,miguel.social,premium,854,854,high,low,6,namesilo,,,25/09/2026 14:22
564c2195-409b-4233-a489-08437433149c,accuser.social,available,32.2,32.2,medium,low,7,cloudflare,,,28/09/2026 17:32
ef5f39b7-1c70-4c08-b23f-79d50049ba44,smell.social,available,3.31,33.32,high,low,5,spaceship,,,27/09/2026 22:50
1ea622ad-8e63-46ae-b04d-fbf9bc8680a0,iww.social,available,6.62,34.35,medium,low,3,dynadot,,,02/10/2026 05:22
1d9e414a-40ec-4460-8d58-67c7aa913584,abusing.social,available,3.31,33.32,low,low,7,spaceship,,,02/10/2026 01:37
e05e05b8-644f-480f-a076-2d7aaf05e2b3,impeccably.social,available,3.98,55.98,medium,low,10,namecheap,,,15/09/2026 02:11
c81c4991-2614-4ec5-bd32-fbd0efc734f5,lists.social,available,9.99,41.49,medium,low,5,namesilo,,,17/09/2026 08:32
51c761b9-c60a-49c5-a269-ee5fdf118435,baths.social,available,9.99,41.49,high,low,5,namesilo,,,28/09/2026 23:22
0121a1f1-70fc-4055-a359-03c4f43ca202,aeolis.social,available,9.99,41.49,low,low,6,namesilo,,,17/09/2026 12:32
3b015e38-3b9f-45b5-9b80-3c49c7a456c8,filetypes.social,available,3.98,55.98,low,low,9,namecheap,,,20/09/2026 01:57
9fbd3b81-5e99-4d27-af41-3265de467735,chipping.social,available,9.99,41.49,medium,low,8,namesilo,,,03/10/2026 00:02
9e84f2ac-e46c-43b7-8527-f6af968e3850,common.social,resell,,,high,low,6,"Sav.com, LLC - 33",31/03/2026 15:15,31/03/2027 15:15,26/09/2026 05:08
365236e2-fe5d-4ea1-b1be-c12f8bb9392c,acne.social,available,9.5,,medium,low,4,unstoppable,,,28/09/2026 17:51
5f8df121-06a7-4af7-9d1e-f97504474464,scrimpy.social,available,3.98,55.98,low,low,7,namecheap,,,24/08/2026 18:10
ab4af2e0-b9ff-4d41-8bc6-795438d49b1a,degrading.social,available,11.99,50.99,medium,low,9,name.com,,,13/08/2026 20:10
a2e12e51-30be-4262-ba63-68e30be9aded,revocable.social,available,3.98,55.98,medium,low,9,namecheap,,,09/09/2026 16:21
a0c2c7c8-cd3a-4a66-8379-11f1b53781a4,zhu.social,premium,102.67,102.67,high,low,3,spaceship,,,27/09/2026 20:59
fc44103c-b8e8-4214-bac6-7632f00667b3,barbary.social,available,9.99,41.49,medium,low,7,namesilo,,,22/09/2026 04:32
b2e29d2b-bba0-4cc9-b658-6ec9414f44f1,oysters.social,available,9.99,41.49,medium,low,7,namesilo,,,20/09/2026 03:31
34508a13-26b0-41e6-aa23-ab988088b79d,scaly.social,available,3.98,55.98,medium,low,5,namecheap,,,23/08/2026 00:05
4284893c-43d6-4ef6-8fbd-6cb3367e9fda,beefcake.social,available,9.99,41.49,medium,low,8,namesilo,,,23/09/2026 01:06
a91aea56-bb28-4f82-85a4-34bccf1ce956,virtuous.social,resell,,,high,low,8,"Spaceship, Inc.",01/06/2026 13:50,01/06/2027 13:50,26/09/2026 10:00
1ffe293a-7601-4900-b7bd-4a4c1a09bcb2,winthrop.social,available,3.31,33.32,high,low,8,spaceship,,,27/09/2026 19:50
0286f09a-a931-48fe-99ba-9c74b65d557b,gst.social,available,9.99,41.49,medium,low,3,namesilo,,,30/09/2026 23:01
a74c7c95-ab6b-4b11-9468-439b8ba6d845,dentist.social,premium,854,854,high,low,7,namesilo,,,29/09/2026 13:59
27070c62-8165-4a67-9bb0-d8c29bdeb403,planetarium.social,available,9.5,,high,low,11,unstoppable,,,02/10/2026 19:48
657a5de7-97c5-42c4-91c1-d3fed954bdac,osteopathic.social,available,3.31,33.32,medium,low,11,spaceship,,,03/10/2026 03:21
9fb41e3e-faea-49d7-ab37-9e21bd5a4830,holiday.social,premium,42.9,42.9,high,low,7,namecheap,,,29/09/2026 22:56
7943b839-d08c-4019-ba0c-284f1e8c6591,beroe.social,available,3.98,55.98,medium,low,5,namecheap,,,23/09/2026 10:02
895e49b0-0f73-4347-ba87-9e7212f25e91,deceiver.social,available,3.98,55.98,medium,low,8,namecheap,,,23/09/2026 02:29
cc57f8f7-b585-4424-b1c3-5722a817642b,theory.social,premium,31.25,31.25,high,low,6,spaceship,,,01/10/2026 20:36
680f10bf-dca1-4fed-8b04-444c3459f4c0,medicines.social,available,9.99,41.49,medium,low,9,namesilo,,,30/09/2026 06:22
0110f64e-224d-4842-8bcf-5ed9eed23724,tilden.social,available,9.99,41.49,medium,low,6,namesilo,,,23/09/2026 14:08
aeda6ded-87d0-4b9a-bf8c-7549e37d9a9c,lyrate.social,available,3.98,55.98,medium,low,6,namecheap,,,24/08/2026 12:39
9ea2dac2-c5a9-4658-8e41-ec73f10939cf,orphaned.social,available,3.98,55.98,high,low,8,namecheap,,,04/09/2026 18:01
ac8cc1f7-86e8-4d0d-9ff2-5d042a4f5cc0,skate.social,resell,,,high,low,5,,,,28/09/2026 06:45
51376d38-9814-44f2-b325-6753defde612,taken.social,available,9.99,41.49,high,low,5,namesilo,,,25/09/2026 10:20
34315690-22dd-4a8c-b507-c91daa65715f,sapid.social,available,3.98,55.98,medium,low,5,namecheap,,,18/08/2026 07:14
6265b4d2-1be6-4c05-85ab-dc683367b9e0,receiving.social,available,32.2,32.2,high,low,9,cloudflare,,,27/09/2026 17:11
91c2c6bf-65cb-4f00-8296-ef84cce337d8,stratford.social,available,9.99,41.49,medium,low,9,namesilo,,,25/09/2026 14:45